airport_origin,airport_destination,date_departure,date_arrival,price
Italy,Russia,2017-10-13 04:04:48,2017-10-13 05:30:46 UTC,"€299,17"
Netherlands,United Kingdom,2017-10-16 00:49:02,2017-10-16 04:55:47 UTC,"€280,74"
Denmark,Switzerland,2017-10-17 18:26:16,2017-10-17 21:46:52 UTC,"€170,03"
Germany,Spain,2017-10-10 11:30:36,2017-10-10 15:11:23 UTC,"€187,23"
Netherlands,Sweden,2017-10-16 13:46:01,2017-10-16 15:27:19 UTC,"€262,12"
Denmark,United Kingdom,2017-10-08 03:22:33,2017-10-08 08:10:05 UTC,"€257,00"
Germany,Norway,2017-10-25 22:49:06,2017-10-26 02:04:52 UTC,"€245,08"
France,Spain,2017-10-15 00:25:41,2017-10-15 02:41:46 UTC,"€347,05"
France,Poland,2017-10-02 19:34:00,2017-10-02 22:22:57 UTC,"€212,90"
Netherlands,Spain,2017-10-09 19:13:53,2017-10-09 23:46:14 UTC,"€155,94"
Belgium,Poland,2017-10-25 05:06:18,2017-10-25 08:35:31 UTC,"€147,62"
Germany,Poland,2017-10-14 02:12:03,2017-10-14 06:03:38 UTC,"€175,86"
Luxembourg,Spain,2017-10-25 07:39:29,2017-10-25 11:05:33 UTC,"€376,69"
Finland,United Kingdom,2017-10-30 01:12:00,2017-10-30 03:24:57 UTC,"€231,55"
Belgium,Russia,2017-10-08 04:52:42,2017-10-08 06:49:06 UTC,"€255,32"
Finland,Spain,2017-10-15 17:34:07,2017-10-15 21:09:35 UTC,"€189,45"
Belgium,Sweden,2017-10-13 14:26:14,2017-10-13 16:20:04 UTC,"€310,20"
France,Portugal,2017-10-27 17:20:39,2017-10-27 21:45:46 UTC,"€226,91"
Italy,Spain,2017-10-08 09:39:55,2017-10-08 12:31:39 UTC,"€150,82"
Belgium,Norway,2017-10-21 23:06:22,2017-10-22 02:09:13 UTC,"€310,56"
Netherlands,Sweden,2017-10-09 14:32:42,2017-10-09 16:14:48 UTC,"€337,40"
Netherlands,Switzerland,2017-10-10 14:52:10,2017-10-10 18:32:26 UTC,"€272,51"
Belgium,Portugal,2017-10-25 07:22:12,2017-10-25 09:25:32 UTC,"€208,19"
Germany,Portugal,2017-10-22 22:46:53,2017-10-23 03:12:21 UTC,"€368,14"
France,Spain,2017-10-30 06:55:17,2017-10-30 10:00:09 UTC,"€386,47"
France,Portugal,2017-10-22 19:38:38,2017-10-22 22:58:26 UTC,"€142,25"
Italy,Portugal,2017-10-13 09:52:38,2017-10-13 12:16:30 UTC,"€217,39"
Belgium,United Kingdom,2017-10-20 06:38:08,2017-10-20 09:43:45 UTC,"€361,76"
Denmark,United Kingdom,2017-10-07 06:08:38,2017-10-07 11:01:01 UTC,"€138,17"
Belgium,Sweden,2017-10-24 20:30:36,2017-10-25 00:14:03 UTC,"€141,58"
Belgium,Poland,2017-10-26 01:32:04,2017-10-26 04:59:07 UTC,"€177,76"
Germany,Spain,2017-10-11 17:07:18,2017-10-11 20:37:29 UTC,"€275,73"
France,Switzerland,2017-10-19 18:09:15,2017-10-19 22:37:58 UTC,"€256,15"
Italy,Spain,2017-10-08 05:33:17,2017-10-08 07:14:56 UTC,"€341,56"
France,Spain,2017-10-18 01:51:40,2017-10-18 05:47:34 UTC,"€195,69"
Luxembourg,Russia,2017-10-09 13:06:25,2017-10-09 15:37:02 UTC,"€230,94"
Denmark,United Kingdom,2017-10-14 05:51:19,2017-10-14 09:58:26 UTC,"€177,02"
Italy,Spain,2017-10-12 05:24:03,2017-10-12 08:51:10 UTC,"€325,75"
Finland,Sweden,2017-10-13 15:43:41,2017-10-13 19:25:33 UTC,"€243,01"
Denmark,Spain,2017-10-22 18:02:06,2017-10-22 22:34:09 UTC,"€229,71"
Germany,Norway,2017-10-11 12:54:21,2017-10-11 17:47:55 UTC,"€270,70"
Italy,Portugal,2017-10-14 13:36:23,2017-10-14 15:11:47 UTC,"€349,10"
France,Poland,2017-10-18 09:55:54,2017-10-18 13:48:57 UTC,"€134,54"
Netherlands,Poland,2017-10-10 07:02:48,2017-10-10 09:17:15 UTC,"€373,85"
Netherlands,Norway,2017-10-03 08:59:04,2017-10-03 13:39:12 UTC,"€135,47"
Finland,Portugal,2017-10-07 20:39:56,2017-10-07 21:59:43 UTC,"€143,64"
France,Russia,2017-10-17 11:51:09,2017-10-17 15:32:41 UTC,"€257,73"
France,Sweden,2017-10-20 13:55:24,2017-10-20 16:32:07 UTC,"€329,00"
Netherlands,Switzerland,2017-10-05 17:53:18,2017-10-05 21:46:23 UTC,"€329,49"
Belgium,Portugal,2017-10-13 05:23:12,2017-10-13 09:38:39 UTC,"€262,87"
Finland,Portugal,2017-10-01 21:44:01,2017-10-02 01:00:47 UTC,"€324,55"
Netherlands,Switzerland,2017-10-28 11:36:49,2017-10-28 16:25:32 UTC,"€191,16"
Finland,Switzerland,2017-10-06 05:17:47,2017-10-06 09:19:17 UTC,"€368,24"
Italy,Poland,2017-10-21 14:10:11,2017-10-21 19:08:22 UTC,"€138,83"
Denmark,United Kingdom,2017-10-08 02:24:12,2017-10-08 05:24:56 UTC,"€249,02"
Luxembourg,Norway,2017-10-27 12:22:05,2017-10-27 14:38:26 UTC,"€306,43"
Netherlands,Russia,2017-10-11 07:59:14,2017-10-11 08:59:37 UTC,"€360,73"
Luxembourg,Portugal,2017-10-19 13:03:22,2017-10-19 14:25:15 UTC,"€303,69"
Italy,United Kingdom,2017-10-05 16:26:42,2017-10-05 17:54:05 UTC,"€124,14"
Finland,Switzerland,2017-10-07 19:14:34,2017-10-07 20:52:27 UTC,"€215,30"
Germany,Switzerland,2017-10-10 23:16:54,2017-10-11 01:43:41 UTC,"€140,09"
Belgium,Russia,2017-10-21 01:34:01,2017-10-21 02:34:25 UTC,"€176,86"
Belgium,United Kingdom,2017-10-13 18:08:40,2017-10-13 21:52:17 UTC,"€163,65"
Belgium,Sweden,2017-10-05 10:01:35,2017-10-05 11:42:08 UTC,"€374,59"
Finland,Switzerland,2017-10-26 14:48:05,2017-10-26 19:33:41 UTC,"€235,28"
Netherlands,United Kingdom,2017-10-07 01:58:41,2017-10-07 05:28:58 UTC,"€219,92"
France,Spain,2017-10-06 03:52:48,2017-10-06 05:10:57 UTC,"€162,49"
Belgium,Norway,2017-10-10 01:58:23,2017-10-10 03:25:30 UTC,"€173,87"
Belgium,Spain,2017-10-21 22:14:29,2017-10-22 02:47:13 UTC,"€371,16"
Italy,United Kingdom,2017-10-01 04:26:33,2017-10-01 09:02:06 UTC,"€253,27"
Denmark,United Kingdom,2017-10-25 13:04:15,2017-10-25 16:06:46 UTC,"€184,61"
Germany,United Kingdom,2017-10-01 10:51:06,2017-10-01 14:36:42 UTC,"€175,52"
Finland,Switzerland,2017-10-22 05:58:55,2017-10-22 07:49:57 UTC,"€145,64"
Finland,Portugal,2017-10-28 05:35:13,2017-10-28 07:47:15 UTC,"€197,92"
Germany,Russia,2017-10-10 00:39:40,2017-10-10 02:26:51 UTC,"€359,50"
Belgium,Norway,2017-10-17 04:42:08,2017-10-17 09:22:20 UTC,"€255,83"
Denmark,Sweden,2017-10-08 02:34:45,2017-10-08 04:18:47 UTC,"€277,73"
Luxembourg,Russia,2017-10-03 19:51:23,2017-10-03 21:47:50 UTC,"€119,18"
Germany,United Kingdom,2017-10-11 23:56:42,2017-10-12 02:43:27 UTC,"€138,56"
France,Norway,2017-10-13 17:47:45,2017-10-13 19:49:40 UTC,"€263,35"
Belgium,Spain,2017-10-20 04:50:17,2017-10-20 08:58:27 UTC,"€348,81"
Belgium,Norway,2017-10-15 12:37:44,2017-10-15 15:20:52 UTC,"€194,71"
Luxembourg,Russia,2017-10-05 12:32:17,2017-10-05 16:33:07 UTC,"€221,27"
France,Sweden,2017-10-24 00:30:51,2017-10-24 01:40:04 UTC,"€230,18"
Italy,Portugal,2017-10-17 13:42:44,2017-10-17 15:17:38 UTC,"€305,68"
Belgium,Poland,2017-10-02 11:56:09,2017-10-02 15:21:55 UTC,"€161,49"
Finland,Norway,2017-10-10 00:58:27,2017-10-10 04:48:34 UTC,"€323,74"
Finland,United Kingdom,2017-10-28 23:17:34,2017-10-29 01:23:03 UTC,"€257,12"
Belgium,Norway,2017-10-05 14:28:32,2017-10-05 17:34:31 UTC,"€104,54"
Germany,Spain,2017-10-25 12:40:32,2017-10-25 16:15:04 UTC,"€206,65"
Germany,Portugal,2017-10-15 08:23:45,2017-10-15 10:18:14 UTC,"€170,07"
Luxembourg,Russia,2017-10-11 03:25:00,2017-10-11 05:39:49 UTC,"€174,44"
Netherlands,Sweden,2017-10-08 19:56:28,2017-10-08 23:58:38 UTC,"€308,01"
Belgium,Sweden,2017-10-19 17:25:40,2017-10-19 19:52:13 UTC,"€162,67"
Luxembourg,Portugal,2017-10-24 11:50:43,2017-10-24 16:42:41 UTC,"€117,89"
Netherlands,Norway,2017-10-30 20:06:26,2017-10-31 00:11:17 UTC,"€270,46"
Luxembourg,Norway,2017-10-29 01:29:54,2017-10-29 02:40:14 UTC,"€351,49"
Germany,Spain,2017-10-30 12:50:27,2017-10-30 14:09:29 UTC,"€121,36"
Germany,United Kingdom,2017-10-17 05:21:59,2017-10-17 08:08:06 UTC,"€239,35"
Finland,Sweden,2017-10-05 19:11:54,2017-10-05 21:40:24 UTC,"€242,84"
Netherlands,Spain,2017-10-24 01:39:07,2017-10-24 05:12:52 UTC,"€111,96"
Netherlands,Norway,2017-10-24 05:01:22,2017-10-24 08:51:29 UTC,"€369,24"
Germany,Poland,2017-10-29 20:52:50,2017-10-29 22:11:59 UTC,"€208,80"
Italy,United Kingdom,2017-10-29 16:06:30,2017-10-29 18:53:24 UTC,"€144,39"
Finland,Spain,2017-10-25 20:53:31,2017-10-26 01:19:55 UTC,"€387,77"
Italy,United Kingdom,2017-10-13 13:42:44,2017-10-13 15:52:45 UTC,"€196,13"
Denmark,Norway,2017-10-29 19:43:30,2017-10-29 22:37:56 UTC,"€358,87"
Germany,Portugal,2017-10-15 07:48:20,2017-10-15 11:09:41 UTC,"€323,14"
Germany,United Kingdom,2017-10-10 15:49:44,2017-10-10 18:12:02 UTC,"€216,94"
Denmark,Norway,2017-10-28 13:51:12,2017-10-28 16:22:21 UTC,"€299,98"
Luxembourg,United Kingdom,2017-10-19 06:40:14,2017-10-19 11:24:11 UTC,"€323,32"
Netherlands,Russia,2017-10-14 03:24:52,2017-10-14 05:45:58 UTC,"€283,05"
Denmark,Poland,2017-10-13 13:05:26,2017-10-13 15:45:50 UTC,"€106,57"
Netherlands,Spain,2017-10-18 21:44:08,2017-10-19 00:59:37 UTC,"€277,84"
Germany,United Kingdom,2017-10-04 14:23:48,2017-10-04 17:17:25 UTC,"€388,32"
Luxembourg,Switzerland,2017-10-10 13:12:33,2017-10-10 17:03:20 UTC,"€331,64"
Belgium,United Kingdom,2017-10-15 05:29:08,2017-10-15 07:17:43 UTC,"€343,30"
Germany,Poland,2017-10-28 11:26:26,2017-10-28 15:37:58 UTC,"€350,84"
Germany,Portugal,2017-10-02 06:19:47,2017-10-02 09:06:19 UTC,"€288,96"
Netherlands,Portugal,2017-10-19 21:27:26,2017-10-20 02:19:56 UTC,"€160,21"
Luxembourg,Norway,2017-10-29 02:58:28,2017-10-29 03:58:37 UTC,"€280,33"
France,Poland,2017-10-12 20:38:28,2017-10-12 23:48:43 UTC,"€174,96"
Finland,Switzerland,2017-10-18 14:45:43,2017-10-18 19:03:18 UTC,"€287,49"
Italy,Norway,2017-10-29 13:43:12,2017-10-29 18:14:53 UTC,"€131,80"
Luxembourg,Poland,2017-10-11 12:27:41,2017-10-11 15:37:18 UTC,"€392,78"
Germany,Poland,2017-10-04 14:55:43,2017-10-04 19:04:06 UTC,"€240,41"
Germany,Spain,2017-10-02 17:13:00,2017-10-02 18:41:41 UTC,"€227,44"
Luxembourg,Spain,2017-10-19 06:17:43,2017-10-19 09:18:08 UTC,"€289,17"
France,Sweden,2017-10-10 02:13:12,2017-10-10 04:14:47 UTC,"€173,11"
Finland,Switzerland,2017-10-10 11:34:22,2017-10-10 15:33:00 UTC,"€285,32"
Luxembourg,Norway,2017-10-27 16:11:38,2017-10-27 20:22:22 UTC,"€357,32"
Netherlands,Sweden,2017-10-29 05:05:21,2017-10-29 08:41:19 UTC,"€340,11"
Luxembourg,Spain,2017-10-25 15:33:02,2017-10-25 19:12:50 UTC,"€143,46"
Belgium,Sweden,2017-10-28 23:27:15,2017-10-29 03:35:44 UTC,"€255,54"
Finland,United Kingdom,2017-10-28 14:08:44,2017-10-28 15:20:00 UTC,"€211,83"
Finland,Norway,2017-10-07 19:01:11,2017-10-07 21:10:29 UTC,"€229,71"
Finland,Russia,2017-10-18 03:27:45,2017-10-18 04:56:35 UTC,"€143,09"
Luxembourg,Russia,2017-10-30 19:35:09,2017-10-30 22:50:51 UTC,"€281,22"
Germany,Russia,2017-10-07 07:07:17,2017-10-07 08:12:37 UTC,"€180,60"
Netherlands,Poland,2017-10-22 10:52:18,2017-10-22 13:18:44 UTC,"€212,99"
France,Spain,2017-10-19 06:34:08,2017-10-19 11:06:42 UTC,"€198,87"
Netherlands,Spain,2017-10-29 07:03:19,2017-10-29 11:39:52 UTC,"€150,61"
Luxembourg,Norway,2017-10-16 14:43:21,2017-10-16 17:48:05 UTC,"€199,33"
Denmark,United Kingdom,2017-10-15 07:53:46,2017-10-15 11:37:22 UTC,"€280,99"
Denmark,Spain,2017-10-16 06:09:29,2017-10-16 10:44:34 UTC,"€363,30"
Luxembourg,Sweden,2017-10-09 20:57:30,2017-10-10 00:46:32 UTC,"€120,81"
France,Poland,2017-10-27 21:26:08,2017-10-28 00:00:29 UTC,"€235,99"
Germany,Norway,2017-10-25 06:50:28,2017-10-25 07:51:19 UTC,"€295,38"
Luxembourg,Sweden,2017-10-04 22:21:21,2017-10-04 23:33:34 UTC,"€274,65"
Germany,Sweden,2017-10-27 01:28:41,2017-10-27 02:57:15 UTC,"€215,09"
Belgium,Russia,2017-10-17 23:06:01,2017-10-18 00:19:12 UTC,"€199,81"
France,Spain,2017-10-21 17:05:31,2017-10-21 19:44:31 UTC,"€334,11"
Italy,Norway,2017-10-02 23:57:55,2017-10-03 04:51:01 UTC,"€252,22"
Netherlands,Sweden,2017-10-28 01:32:23,2017-10-28 05:20:10 UTC,"€111,75"
Italy,Norway,2017-10-22 07:10:02,2017-10-22 09:36:12 UTC,"€246,95"
Netherlands,Switzerland,2017-10-04 20:43:12,2017-10-04 23:21:56 UTC,"€175,24"
Netherlands,Russia,2017-10-11 03:12:09,2017-10-11 06:51:07 UTC,"€259,01"
Germany,Portugal,2017-10-12 10:23:24,2017-10-12 14:18:36 UTC,"€220,45"
Luxembourg,Norway,2017-10-07 08:49:28,2017-10-07 12:06:09 UTC,"€215,19"
France,Switzerland,2017-10-11 06:48:08,2017-10-11 10:46:59 UTC,"€153,76"
Netherlands,United Kingdom,2017-10-02 23:11:38,2017-10-03 01:22:45 UTC,"€263,66"
Netherlands,Sweden,2017-10-24 04:46:13,2017-10-24 06:44:20 UTC,"€330,76"
Belgium,Sweden,2017-10-20 09:58:39,2017-10-20 14:12:32 UTC,"€188,24"
Netherlands,Spain,2017-10-10 21:22:25,2017-10-11 01:08:50 UTC,"€265,00"
Netherlands,Sweden,2017-10-04 22:02:27,2017-10-05 02:51:56 UTC,"€197,22"
Italy,Sweden,2017-10-07 03:43:23,2017-10-07 05:13:37 UTC,"€395,97"
Netherlands,United Kingdom,2017-10-21 20:00:20,2017-10-21 22:07:07 UTC,"€129,05"
Netherlands,Poland,2017-10-05 12:12:14,2017-10-05 16:16:15 UTC,"€301,45"
Finland,Portugal,2017-10-20 22:11:00,2017-10-21 00:38:32 UTC,"€103,74"
Italy,United Kingdom,2017-10-17 06:39:55,2017-10-17 08:31:41 UTC,"€355,96"
Italy,Switzerland,2017-10-17 17:01:51,2017-10-17 20:43:04 UTC,"€359,21"
Italy,Portugal,2017-10-14 20:13:33,2017-10-15 00:34:19 UTC,"€151,47"
Luxembourg,Portugal,2017-10-12 04:25:28,2017-10-12 08:33:04 UTC,"€166,88"
Finland,Russia,2017-10-29 17:44:43,2017-10-29 19:32:26 UTC,"€377,03"
Italy,United Kingdom,2017-10-16 03:10:12,2017-10-16 04:22:31 UTC,"€293,08"
Luxembourg,Portugal,2017-10-11 05:58:29,2017-10-11 10:24:31 UTC,"€183,22"
Finland,Switzerland,2017-10-20 13:34:44,2017-10-20 18:12:42 UTC,"€294,03"
Netherlands,Sweden,2017-10-19 09:41:30,2017-10-19 11:03:23 UTC,"€301,00"
Netherlands,Spain,2017-10-07 23:19:43,2017-10-08 01:35:28 UTC,"€121,17"
Germany,Russia,2017-10-15 19:22:42,2017-10-15 21:32:27 UTC,"€268,41"
Italy,United Kingdom,2017-10-16 11:23:44,2017-10-16 12:57:39 UTC,"€387,62"
Luxembourg,Portugal,2017-10-18 23:48:03,2017-10-19 01:24:43 UTC,"€137,54"
Finland,United Kingdom,2017-10-29 18:41:43,2017-10-29 20:03:44 UTC,"€294,76"
Germany,Spain,2017-10-01 15:54:12,2017-10-01 19:58:56 UTC,"€120,61"
Luxembourg,Russia,2017-10-13 20:39:37,2017-10-13 23:08:13 UTC,"€397,13"
Germany,Russia,2017-10-18 07:42:32,2017-10-18 11:03:53 UTC,"€377,21"
Italy,Poland,2017-10-16 08:21:27,2017-10-16 11:46:34 UTC,"€134,14"
Germany,Russia,2017-10-18 21:34:20,2017-10-19 01:35:19 UTC,"€307,68"
Finland,Poland,2017-10-13 22:39:28,2017-10-13 23:43:04 UTC,"€380,42"
Belgium,United Kingdom,2017-10-10 00:41:16,2017-10-10 03:01:52 UTC,"€164,76"
Finland,Switzerland,2017-10-02 00:20:33,2017-10-02 04:53:10 UTC,"€118,25"
Luxembourg,Poland,2017-10-02 05:03:39,2017-10-02 09:46:21 UTC,"€224,85"
Belgium,Norway,2017-10-02 14:54:13,2017-10-02 18:11:19 UTC,"€208,97"
Finland,Russia,2017-10-03 17:34:45,2017-10-03 22:09:49 UTC,"€383,61"
Luxembourg,United Kingdom,2017-10-04 02:27:35,2017-10-04 07:19:15 UTC,"€272,68"
Netherlands,Spain,2017-10-27 23:16:32,2017-10-28 03:52:44 UTC,"€218,37"
Finland,Sweden,2017-10-28 15:36:18,2017-10-28 20:22:21 UTC,"€192,26"
Denmark,Switzerland,2017-10-26 14:33:44,2017-10-26 16:31:07 UTC,"€300,31"
Germany,Norway,2017-10-22 15:55:06,2017-10-22 17:10:27 UTC,"€141,90"
Luxembourg,Poland,2017-10-04 08:07:22,2017-10-04 10:40:52 UTC,"€277,43"
Italy,Switzerland,2017-10-30 02:14:26,2017-10-30 06:05:25 UTC,"€184,68"
Italy,Russia,2017-10-26 07:39:39,2017-10-26 08:57:55 UTC,"€242,27"
Luxembourg,Russia,2017-10-20 07:12:12,2017-10-20 11:15:26 UTC,"€242,92"
Belgium,Switzerland,2017-10-08 17:25:40,2017-10-08 18:40:43 UTC,"€334,80"
France,Poland,2017-10-02 22:38:13,2017-10-03 01:20:51 UTC,"€181,24"
Denmark,Switzerland,2017-10-17 12:52:57,2017-10-17 17:49:50 UTC,"€162,93"
Finland,Russia,2017-10-17 09:08:38,2017-10-17 12:16:30 UTC,"€220,96"
France,Switzerland,2017-10-13 08:03:29,2017-10-13 10:20:28 UTC,"€293,26"
Netherlands,Spain,2017-10-12 03:57:17,2017-10-12 06:47:31 UTC,"€313,31"
Netherlands,Russia,2017-10-24 04:32:37,2017-10-24 07:44:04 UTC,"€124,70"
Denmark,Poland,2017-10-26 13:09:53,2017-10-26 16:32:27 UTC,"€394,72"
Germany,Spain,2017-10-06 13:31:37,2017-10-06 15:19:39 UTC,"€233,42"
Italy,Norway,2017-10-04 04:52:23,2017-10-04 06:35:20 UTC,"€334,36"
Finland,Russia,2017-10-24 03:55:25,2017-10-24 05:20:54 UTC,"€130,62"
France,Norway,2017-10-04 09:12:10,2017-10-04 14:06:08 UTC,"€184,63"
Belgium,Norway,2017-10-20 12:34:49,2017-10-20 15:32:29 UTC,"€236,18"
Luxembourg,United Kingdom,2017-10-17 18:40:41,2017-10-17 20:09:30 UTC,"€295,54"
Luxembourg,Spain,2017-10-03 22:02:58,2017-10-04 00:18:30 UTC,"€395,70"
Belgium,Portugal,2017-10-17 02:48:44,2017-10-17 04:33:20 UTC,"€330,87"
Italy,Portugal,2017-10-09 11:20:17,2017-10-09 12:57:06 UTC,"€233,94"
Denmark,Switzerland,2017-10-27 20:40:43,2017-10-27 23:31:07 UTC,"€343,55"
Belgium,Sweden,2017-10-25 12:06:51,2017-10-25 17:01:38 UTC,"€212,85"
Finland,Norway,2017-10-06 00:21:02,2017-10-06 05:12:30 UTC,"€396,94"
Denmark,United Kingdom,2017-10-30 14:11:46,2017-10-30 16:23:06 UTC,"€115,53"
Finland,Norway,2017-10-23 07:10:29,2017-10-23 08:20:25 UTC,"€202,68"
Germany,Poland,2017-10-05 06:15:23,2017-10-05 08:02:20 UTC,"€356,63"
France,Sweden,2017-10-12 17:40:28,2017-10-12 21:39:35 UTC,"€158,62"
Netherlands,United Kingdom,2017-10-17 09:44:06,2017-10-17 12:52:05 UTC,"€254,03"
Germany,Spain,2017-10-30 18:38:01,2017-10-30 23:24:20 UTC,"€136,46"
Luxembourg,Norway,2017-10-07 11:03:57,2017-10-07 13:33:29 UTC,"€371,54"
Luxembourg,Switzerland,2017-10-30 16:44:57,2017-10-30 19:21:35 UTC,"€183,34"
Netherlands,Sweden,2017-10-01 05:50:32,2017-10-01 10:23:30 UTC,"€177,78"
Luxembourg,Portugal,2017-10-15 13:09:02,2017-10-15 16:56:43 UTC,"€310,73"
Netherlands,Spain,2017-10-14 16:31:12,2017-10-14 18:43:33 UTC,"€138,95"
Netherlands,Sweden,2017-10-14 01:45:13,2017-10-14 05:20:27 UTC,"€212,04"
Netherlands,Norway,2017-10-05 16:30:49,2017-10-05 19:30:40 UTC,"€121,76"
Italy,Spain,2017-10-23 11:51:35,2017-10-23 14:25:40 UTC,"€113,99"
Luxembourg,Switzerland,2017-10-21 14:16:44,2017-10-21 18:42:21 UTC,"€223,62"
Denmark,Spain,2017-10-29 23:53:50,2017-10-30 00:57:31 UTC,"€234,52"
Denmark,United Kingdom,2017-10-11 15:07:09,2017-10-11 19:33:21 UTC,"€379,95"
Netherlands,Poland,2017-10-14 15:10:32,2017-10-14 18:27:14 UTC,"€351,28"
Italy,Poland,2017-10-23 18:30:44,2017-10-23 21:45:59 UTC,"€106,79"
Italy,Switzerland,2017-10-24 22:52:22,2017-10-25 03:51:51 UTC,"€390,31"
Denmark,Switzerland,2017-10-10 16:49:39,2017-10-10 20:35:05 UTC,"€157,76"
France,Poland,2017-10-26 04:36:46,2017-10-26 05:39:10 UTC,"€210,57"
Belgium,Portugal,2017-10-15 08:07:13,2017-10-15 11:19:46 UTC,"€180,67"
Finland,Poland,2017-10-24 07:58:02,2017-10-24 12:12:28 UTC,"€302,38"
Belgium,Russia,2017-10-27 09:54:06,2017-10-27 13:59:55 UTC,"€322,43"
Italy,Portugal,2017-10-09 19:29:00,2017-10-09 21:17:45 UTC,"€305,89"
Belgium,Sweden,2017-10-26 14:20:33,2017-10-26 16:51:28 UTC,"€379,17"
Finland,Russia,2017-10-13 10:53:23,2017-10-13 14:00:47 UTC,"€392,96"
Finland,Switzerland,2017-10-05 04:32:27,2017-10-05 07:56:55 UTC,"€299,09"
Italy,Spain,2017-10-09 17:55:45,2017-10-09 22:52:21 UTC,"€234,41"
Denmark,Sweden,2017-10-17 04:31:24,2017-10-17 05:43:00 UTC,"€139,35"
Belgium,Norway,2017-10-27 14:22:43,2017-10-27 16:02:27 UTC,"€291,37"
Finland,Switzerland,2017-10-29 11:57:05,2017-10-29 15:56:46 UTC,"€191,88"
Belgium,Norway,2017-10-02 13:09:50,2017-10-02 15:10:20 UTC,"€356,08"
Netherlands,Switzerland,2017-10-30 18:46:30,2017-10-30 23:39:38 UTC,"€266,91"
Finland,Spain,2017-10-07 20:29:04,2017-10-08 01:17:55 UTC,"€187,82"
Netherlands,Portugal,2017-10-03 22:44:55,2017-10-04 01:06:26 UTC,"€138,33"
Netherlands,Poland,2017-10-29 12:43:26,2017-10-29 15:50:46 UTC,"€207,09"
Finland,Russia,2017-10-27 10:13:49,2017-10-27 12:11:52 UTC,"€152,97"
Luxembourg,United Kingdom,2017-10-08 21:09:10,2017-10-09 00:13:55 UTC,"€231,49"
Belgium,Switzerland,2017-10-08 06:03:41,2017-10-08 08:47:16 UTC,"€130,08"
Luxembourg,Sweden,2017-10-07 21:54:24,2017-10-07 23:50:42 UTC,"€332,26"
Denmark,United Kingdom,2017-10-05 17:34:26,2017-10-05 22:22:29 UTC,"€306,99"
Belgium,United Kingdom,2017-10-07 18:12:43,2017-10-07 19:51:47 UTC,"€189,61"
France,Portugal,2017-10-07 00:26:19,2017-10-07 01:49:09 UTC,"€120,88"
Belgium,Norway,2017-10-17 22:42:12,2017-10-18 02:50:11 UTC,"€229,21"
Belgium,Spain,2017-10-18 09:34:52,2017-10-18 12:42:01 UTC,"€256,26"
Denmark,Spain,2017-10-06 17:11:07,2017-10-06 21:02:10 UTC,"€121,04"
Luxembourg,Portugal,2017-10-03 08:42:13,2017-10-03 13:22:07 UTC,"€290,53"
Netherlands,Sweden,2017-10-15 03:17:08,2017-10-15 07:27:09 UTC,"€374,45"
Denmark,Switzerland,2017-10-08 23:37:01,2017-10-09 01:57:46 UTC,"€129,38"
Luxembourg,Sweden,2017-10-20 20:46:11,2017-10-20 22:52:27 UTC,"€101,28"
Belgium,Switzerland,2017-10-30 05:33:00,2017-10-30 07:56:56 UTC,"€271,36"
France,Sweden,2017-10-20 12:55:10,2017-10-20 15:28:43 UTC,"€396,94"
Denmark,Spain,2017-10-03 10:13:11,2017-10-03 12:04:47 UTC,"€259,87"
Denmark,Norway,2017-10-14 15:09:20,2017-10-14 18:03:28 UTC,"€301,90"
Denmark,Spain,2017-10-10 23:54:45,2017-10-11 04:23:50 UTC,"€261,02"
Belgium,Poland,2017-10-08 15:50:05,2017-10-08 20:06:52 UTC,"€113,72"
Italy,Norway,2017-10-23 17:20:21,2017-10-23 18:33:53 UTC,"€171,28"
Denmark,United Kingdom,2017-10-14 05:29:10,2017-10-14 07:34:17 UTC,"€322,58"
France,Norway,2017-10-25 21:02:02,2017-10-26 01:16:26 UTC,"€348,59"
Italy,United Kingdom,2017-10-18 17:26:05,2017-10-18 18:45:56 UTC,"€295,62"
Netherlands,Poland,2017-10-20 18:30:36,2017-10-20 21:03:55 UTC,"€131,14"
Belgium,Norway,2017-10-14 09:02:44,2017-10-14 12:27:46 UTC,"€227,11"
Denmark,Spain,2017-10-23 11:28:26,2017-10-23 16:17:55 UTC,"€387,52"
Germany,Switzerland,2017-10-24 12:40:28,2017-10-24 14:33:55 UTC,"€395,71"
Finland,Poland,2017-10-11 04:08:20,2017-10-11 05:49:48 UTC,"€145,52"
Netherlands,Spain,2017-10-24 19:57:56,2017-10-24 22:41:58 UTC,"€271,18"
Italy,Spain,2017-10-15 16:23:50,2017-10-15 17:46:17 UTC,"€313,93"
Luxembourg,Russia,2017-10-11 03:00:13,2017-10-11 05:49:55 UTC,"€248,03"
Finland,Switzerland,2017-10-24 21:04:01,2017-10-25 01:12:21 UTC,"€217,84"
Belgium,Sweden,2017-10-20 09:45:57,2017-10-20 10:54:33 UTC,"€154,00"
Belgium,Russia,2017-10-27 02:24:20,2017-10-27 05:25:48 UTC,"€323,26"
Finland,Russia,2017-10-22 22:33:58,2017-10-23 01:59:54 UTC,"€149,33"
Luxembourg,Switzerland,2017-10-17 22:22:03,2017-10-18 01:22:04 UTC,"€170,72"
Netherlands,Norway,2017-10-07 18:17:43,2017-10-07 20:47:39 UTC,"€318,10"
Italy,Portugal,2017-10-03 11:57:56,2017-10-03 13:59:41 UTC,"€140,81"
Germany,Russia,2017-10-08 02:02:34,2017-10-08 04:53:34 UTC,"€195,16"
Finland,Sweden,2017-10-21 00:45:06,2017-10-21 04:20:39 UTC,"€238,35"
Germany,Spain,2017-10-17 06:28:56,2017-10-17 10:20:08 UTC,"€111,42"
Luxembourg,United Kingdom,2017-10-01 23:55:29,2017-10-02 03:37:43 UTC,"€225,69"
Italy,United Kingdom,2017-10-10 04:25:03,2017-10-10 07:40:27 UTC,"€350,71"
Finland,United Kingdom,2017-10-11 13:14:30,2017-10-11 17:37:32 UTC,"€162,61"
France,Russia,2017-10-19 21:36:12,2017-10-20 00:32:23 UTC,"€353,68"
Italy,Poland,2017-10-08 17:04:49,2017-10-08 21:55:53 UTC,"€322,42"
Netherlands,Norway,2017-10-19 18:17:08,2017-10-19 20:04:46 UTC,"€235,76"
Denmark,Russia,2017-10-12 03:40:00,2017-10-12 07:34:40 UTC,"€249,59"
Netherlands,Spain,2017-10-22 11:42:46,2017-10-22 14:44:26 UTC,"€360,48"
Italy,Poland,2017-10-25 23:45:55,2017-10-26 02:20:31 UTC,"€300,61"
Luxembourg,Sweden,2017-10-13 12:41:39,2017-10-13 15:11:06 UTC,"€114,77"
Denmark,Norway,2017-10-02 07:20:37,2017-10-02 09:26:46 UTC,"€241,29"
Luxembourg,Switzerland,2017-10-23 01:49:30,2017-10-23 03:03:12 UTC,"€249,01"
Denmark,Switzerland,2017-10-04 17:42:37,2017-10-04 22:08:10 UTC,"€325,79"
Luxembourg,Norway,2017-10-09 00:06:19,2017-10-09 01:37:50 UTC,"€341,87"
Luxembourg,United Kingdom,2017-10-15 08:53:55,2017-10-15 11:43:45 UTC,"€329,05"
Denmark,Spain,2017-10-15 16:53:45,2017-10-15 20:40:32 UTC,"€309,75"
Germany,Spain,2017-10-25 15:49:33,2017-10-25 18:19:03 UTC,"€234,59"
Italy,Norway,2017-10-19 10:12:20,2017-10-19 11:56:06 UTC,"€138,42"
France,Norway,2017-10-27 22:18:23,2017-10-28 00:08:53 UTC,"€284,43"
Italy,Norway,2017-10-05 09:46:13,2017-10-05 13:38:01 UTC,"€255,03"
Belgium,Norway,2017-10-18 07:25:18,2017-10-18 10:47:00 UTC,"€225,44"
Finland,Russia,2017-10-30 10:12:40,2017-10-30 14:41:09 UTC,"€117,40"
Belgium,United Kingdom,2017-10-15 16:02:28,2017-10-15 21:01:00 UTC,"€331,66"
France,Portugal,2017-10-07 03:44:54,2017-10-07 07:57:51 UTC,"€244,34"
Belgium,Switzerland,2017-10-05 07:10:00,2017-10-05 10:26:04 UTC,"€349,54"
Luxembourg,Sweden,2017-10-09 08:59:06,2017-10-09 12:26:39 UTC,"€368,62"
Netherlands,Russia,2017-10-28 15:34:18,2017-10-28 17:04:04 UTC,"€189,79"
Belgium,Norway,2017-10-30 10:15:41,2017-10-30 13:25:59 UTC,"€334,76"
Italy,Portugal,2017-10-08 01:46:48,2017-10-08 06:27:38 UTC,"€346,50"
Italy,Spain,2017-10-02 11:40:58,2017-10-02 16:06:53 UTC,"€161,60"
Finland,Poland,2017-10-09 17:37:59,2017-10-09 20:51:43 UTC,"€345,73"
Germany,Portugal,2017-10-22 07:19:05,2017-10-22 11:31:58 UTC,"€108,02"
Belgium,Switzerland,2017-10-04 18:15:26,2017-10-04 20:53:57 UTC,"€161,90"
Italy,Sweden,2017-10-12 07:24:00,2017-10-12 08:39:27 UTC,"€396,74"
Denmark,Portugal,2017-10-06 08:29:31,2017-10-06 11:58:59 UTC,"€169,74"
France,United Kingdom,2017-10-11 01:42:59,2017-10-11 04:20:02 UTC,"€182,86"
Netherlands,Russia,2017-10-07 12:07:18,2017-10-07 15:15:33 UTC,"€347,51"
Germany,Poland,2017-10-28 15:32:08,2017-10-28 18:48:50 UTC,"€279,05"
Italy,Russia,2017-10-27 02:30:04,2017-10-27 04:34:56 UTC,"€224,74"
Netherlands,Norway,2017-10-17 17:19:43,2017-10-17 20:26:45 UTC,"€329,77"
Germany,Spain,2017-10-07 04:51:23,2017-10-07 06:23:21 UTC,"€376,96"
Italy,Spain,2017-10-28 13:40:15,2017-10-28 17:44:47 UTC,"€250,02"
Netherlands,Switzerland,2017-10-11 13:31:11,2017-10-11 15:11:36 UTC,"€247,56"
Finland,Portugal,2017-10-27 14:42:19,2017-10-27 19:00:34 UTC,"€160,92"
Netherlands,Poland,2017-10-29 09:58:59,2017-10-29 14:42:48 UTC,"€211,16"
Finland,Switzerland,2017-10-14 01:45:37,2017-10-14 04:11:16 UTC,"€281,42"
Netherlands,Russia,2017-10-09 23:43:54,2017-10-10 01:41:09 UTC,"€389,71"
Luxembourg,Portugal,2017-10-25 14:25:55,2017-10-25 19:21:03 UTC,"€359,06"
Denmark,Norway,2017-10-08 12:12:50,2017-10-08 16:43:43 UTC,"€249,78"
Luxembourg,United Kingdom,2017-10-07 22:00:38,2017-10-08 00:42:08 UTC,"€180,89"
Belgium,Russia,2017-10-26 20:43:34,2017-10-27 01:37:51 UTC,"€168,95"
Finland,Russia,2017-10-15 15:39:57,2017-10-15 20:27:28 UTC,"€317,27"
Netherlands,Spain,2017-10-11 19:47:54,2017-10-11 21:04:18 UTC,"€258,29"
France,Spain,2017-10-28 10:06:11,2017-10-28 12:34:27 UTC,"€290,04"
Belgium,Switzerland,2017-10-04 22:17:10,2017-10-05 02:29:35 UTC,"€362,77"
Belgium,Norway,2017-10-04 14:51:23,2017-10-04 17:03:13 UTC,"€326,67"
Netherlands,Russia,2017-10-23 18:45:51,2017-10-23 20:58:48 UTC,"€354,22"
Italy,Sweden,2017-10-28 23:20:05,2017-10-29 01:28:15 UTC,"€323,10"
Belgium,Switzerland,2017-10-27 22:15:04,2017-10-27 23:31:28 UTC,"€278,91"
Denmark,Russia,2017-10-28 19:04:11,2017-10-28 21:59:15 UTC,"€236,66"
France,Norway,2017-10-29 16:48:39,2017-10-29 17:56:49 UTC,"€283,30"
Denmark,Russia,2017-10-17 22:23:40,2017-10-18 02:16:55 UTC,"€131,36"
Germany,Switzerland,2017-10-13 14:11:11,2017-10-13 19:04:45 UTC,"€222,81"
Netherlands,Portugal,2017-10-01 10:09:37,2017-10-01 11:47:38 UTC,"€269,30"
Netherlands,Spain,2017-10-16 10:57:42,2017-10-16 14:41:05 UTC,"€214,21"
Netherlands,Switzerland,2017-10-09 12:29:25,2017-10-09 16:22:29 UTC,"€330,26"
Luxembourg,Switzerland,2017-10-09 17:10:23,2017-10-09 21:59:27 UTC,"€102,61"
Denmark,Poland,2017-10-08 05:58:00,2017-10-08 07:49:43 UTC,"€349,68"
Luxembourg,Portugal,2017-10-10 03:46:21,2017-10-10 08:03:35 UTC,"€233,79"
Luxembourg,Switzerland,2017-10-09 06:31:08,2017-10-09 09:58:56 UTC,"€160,84"
Netherlands,Sweden,2017-10-23 19:55:35,2017-10-24 00:46:21 UTC,"€383,62"
Luxembourg,Spain,2017-10-04 09:17:54,2017-10-04 11:38:37 UTC,"€312,73"
Italy,United Kingdom,2017-10-12 00:57:52,2017-10-12 04:43:49 UTC,"€303,01"
Belgium,United Kingdom,2017-10-05 00:19:51,2017-10-05 03:36:42 UTC,"€292,36"
Belgium,Switzerland,2017-10-06 17:19:26,2017-10-06 19:22:51 UTC,"€311,26"
Germany,Russia,2017-10-06 02:13:42,2017-10-06 06:24:02 UTC,"€299,87"
Italy,Russia,2017-10-17 14:23:35,2017-10-17 18:30:26 UTC,"€358,40"
Finland,Portugal,2017-10-29 04:57:02,2017-10-29 07:19:29 UTC,"€160,01"
Denmark,Poland,2017-10-29 18:04:09,2017-10-29 22:10:43 UTC,"€295,07"
Belgium,Sweden,2017-10-09 12:51:45,2017-10-09 16:10:17 UTC,"€199,53"
Luxembourg,United Kingdom,2017-10-10 21:37:50,2017-10-10 22:50:26 UTC,"€338,00"
Germany,United Kingdom,2017-10-17 01:37:03,2017-10-17 04:54:53 UTC,"€291,59"
Belgium,Switzerland,2017-10-27 12:43:29,2017-10-27 14:21:47 UTC,"€268,63"
France,United Kingdom,2017-10-09 00:30:54,2017-10-09 03:52:36 UTC,"€396,42"
Belgium,Spain,2017-10-20 12:00:54,2017-10-20 13:07:54 UTC,"€318,47"
Netherlands,United Kingdom,2017-10-25 13:11:43,2017-10-25 15:58:21 UTC,"€167,90"
Luxembourg,Russia,2017-10-04 09:28:53,2017-10-04 13:29:00 UTC,"€286,83"
France,United Kingdom,2017-10-13 23:47:17,2017-10-14 01:09:15 UTC,"€129,25"
Netherlands,Portugal,2017-10-07 17:57:24,2017-10-07 21:10:31 UTC,"€192,79"
Germany,Sweden,2017-10-11 01:54:01,2017-10-11 05:34:44 UTC,"€132,87"
Finland,Portugal,2017-10-21 22:58:15,2017-10-22 00:54:41 UTC,"€296,39"
Germany,Sweden,2017-10-18 08:03:01,2017-10-18 10:49:36 UTC,"€283,69"
Italy,Sweden,2017-10-11 16:50:28,2017-10-11 20:34:02 UTC,"€247,86"
Netherlands,United Kingdom,2017-10-22 15:28:23,2017-10-22 18:27:50 UTC,"€225,08"
Denmark,Poland,2017-10-09 05:31:14,2017-10-09 08:30:00 UTC,"€136,18"
Germany,Norway,2017-10-28 16:12:00,2017-10-28 19:51:14 UTC,"€279,20"
Netherlands,Russia,2017-10-04 17:23:33,2017-10-04 20:41:34 UTC,"€111,65"
Italy,Sweden,2017-10-08 07:37:19,2017-10-08 12:14:50 UTC,"€341,37"
Finland,Portugal,2017-10-13 23:42:24,2017-10-14 04:29:31 UTC,"€267,85"
Finland,Norway,2017-10-09 16:01:12,2017-10-09 20:37:46 UTC,"€314,00"
Luxembourg,Switzerland,2017-10-02 13:56:40,2017-10-02 16:21:26 UTC,"€342,93"
Italy,Spain,2017-10-01 03:55:27,2017-10-01 07:11:07 UTC,"€115,43"
France,Sweden,2017-10-14 09:05:25,2017-10-14 13:20:30 UTC,"€256,00"
Finland,Switzerland,2017-10-29 00:32:34,2017-10-29 05:11:59 UTC,"€186,97"
Belgium,Sweden,2017-10-09 22:18:34,2017-10-10 00:22:23 UTC,"€116,17"
Denmark,Portugal,2017-10-11 09:49:54,2017-10-11 14:05:48 UTC,"€332,51"
Germany,Portugal,2017-10-13 22:21:31,2017-10-14 00:32:06 UTC,"€384,22"
Germany,Poland,2017-10-30 05:45:02,2017-10-30 09:21:18 UTC,"€391,79"
Belgium,Portugal,2017-10-24 05:37:33,2017-10-24 06:39:47 UTC,"€102,80"
Netherlands,United Kingdom,2017-10-22 13:40:49,2017-10-22 15:11:12 UTC,"€309,62"
Finland,Spain,2017-10-01 19:17:26,2017-10-01 20:30:06 UTC,"€261,23"
Luxembourg,Switzerland,2017-10-13 08:54:58,2017-10-13 12:43:14 UTC,"€119,28"
Luxembourg,United Kingdom,2017-10-25 19:18:00,2017-10-25 23:31:56 UTC,"€308,68"
Denmark,Switzerland,2017-10-16 04:48:13,2017-10-16 09:39:33 UTC,"€388,16"
Italy,Sweden,2017-10-24 07:37:48,2017-10-24 10:51:44 UTC,"€147,27"
Italy,United Kingdom,2017-10-15 02:39:33,2017-10-15 06:44:04 UTC,"€235,67"
Belgium,Spain,2017-10-11 19:49:45,2017-10-11 21:41:44 UTC,"€318,73"
Netherlands,Sweden,2017-10-26 17:34:40,2017-10-26 20:57:32 UTC,"€328,49"
Germany,Norway,2017-10-20 19:41:52,2017-10-20 22:35:25 UTC,"€155,27"
Germany,Poland,2017-10-17 19:56:20,2017-10-18 00:29:29 UTC,"€312,35"
Luxembourg,Spain,2017-10-24 12:45:51,2017-10-24 16:44:11 UTC,"€123,01"
Denmark,Sweden,2017-10-03 20:31:28,2017-10-03 21:49:57 UTC,"€319,87"
Denmark,Norway,2017-10-10 12:20:19,2017-10-10 13:20:41 UTC,"€327,77"
France,Russia,2017-10-25 22:20:54,2017-10-25 23:30:37 UTC,"€244,64"
Luxembourg,Russia,2017-10-08 09:17:24,2017-10-08 13:21:49 UTC,"€110,36"
Germany,Portugal,2017-10-25 15:05:26,2017-10-25 17:01:36 UTC,"€130,17"
Germany,Norway,2017-10-08 07:22:39,2017-10-08 08:35:19 UTC,"€254,80"
Luxembourg,Portugal,2017-10-26 07:36:45,2017-10-26 09:45:41 UTC,"€151,75"
Luxembourg,United Kingdom,2017-10-23 17:10:50,2017-10-23 18:27:53 UTC,"€290,35"
Italy,Russia,2017-10-22 12:54:28,2017-10-22 14:37:25 UTC,"€371,50"
Denmark,Portugal,2017-10-29 16:27:52,2017-10-29 18:10:00 UTC,"€241,56"
Belgium,Sweden,2017-10-24 00:23:31,2017-10-24 03:22:49 UTC,"€302,04"
Italy,Russia,2017-10-09 01:16:51,2017-10-09 04:46:27 UTC,"€280,19"
France,Norway,2017-10-01 12:13:08,2017-10-01 15:15:21 UTC,"€350,96"
Italy,Norway,2017-10-09 06:28:03,2017-10-09 10:05:47 UTC,"€110,91"
Netherlands,United Kingdom,2017-10-09 14:20:44,2017-10-09 17:14:45 UTC,"€365,47"
Finland,United Kingdom,2017-10-13 17:43:43,2017-10-13 22:29:34 UTC,"€354,67"
Denmark,Poland,2017-10-08 20:57:46,2017-10-08 22:03:26 UTC,"€109,73"
Netherlands,United Kingdom,2017-10-03 10:17:01,2017-10-03 14:57:22 UTC,"€134,32"
Finland,Russia,2017-10-30 09:10:09,2017-10-30 11:23:23 UTC,"€121,57"
France,Russia,2017-10-12 22:06:34,2017-10-13 00:50:58 UTC,"€235,54"
Germany,Spain,2017-10-09 05:26:14,2017-10-09 09:12:01 UTC,"€172,58"
Belgium,Spain,2017-10-27 23:06:57,2017-10-28 01:09:06 UTC,"€213,69"
Italy,United Kingdom,2017-10-15 18:00:28,2017-10-15 20:27:11 UTC,"€274,79"
Italy,Portugal,2017-10-14 08:32:26,2017-10-14 11:50:39 UTC,"€191,41"
Denmark,Spain,2017-10-05 00:10:36,2017-10-05 01:44:23 UTC,"€307,56"
France,Russia,2017-10-01 15:23:14,2017-10-01 18:46:43 UTC,"€240,22"
Belgium,Spain,2017-10-10 06:51:32,2017-10-10 09:35:02 UTC,"€184,99"
Denmark,Sweden,2017-10-22 14:50:54,2017-10-22 18:52:03 UTC,"€183,79"
Belgium,Spain,2017-10-15 14:51:48,2017-10-15 17:04:01 UTC,"€220,43"
Germany,Switzerland,2017-10-25 05:32:27,2017-10-25 06:40:19 UTC,"€129,75"
Finland,Sweden,2017-10-25 04:30:06,2017-10-25 08:58:32 UTC,"€186,49"
Netherlands,Spain,2017-10-29 19:37:07,2017-10-30 00:10:35 UTC,"€398,45"
Italy,Spain,2017-10-03 05:33:51,2017-10-03 06:53:13 UTC,"€125,06"
Germany,United Kingdom,2017-10-18 02:02:09,2017-10-18 06:10:08 UTC,"€294,44"
France,Spain,2017-10-05 01:12:32,2017-10-05 02:14:04 UTC,"€115,25"
France,Spain,2017-10-25 16:11:51,2017-10-25 19:46:56 UTC,"€161,61"
Netherlands,Poland,2017-10-05 08:00:02,2017-10-05 09:14:27 UTC,"€238,75"
Luxembourg,Spain,2017-10-20 03:41:17,2017-10-20 05:10:05 UTC,"€301,09"
Italy,Sweden,2017-10-16 02:28:34,2017-10-16 06:16:55 UTC,"€147,55"
Luxembourg,Russia,2017-10-12 00:03:59,2017-10-12 01:53:05 UTC,"€118,82"
Finland,Portugal,2017-10-22 04:38:09,2017-10-22 06:12:43 UTC,"€172,68"
Netherlands,Switzerland,2017-10-15 21:24:05,2017-10-16 00:02:59 UTC,"€335,90"
Luxembourg,Poland,2017-10-03 01:53:23,2017-10-03 03:40:51 UTC,"€253,97"
France,United Kingdom,2017-10-19 01:53:13,2017-10-19 04:19:56 UTC,"€150,80"
France,Sweden,2017-10-03 13:19:44,2017-10-03 15:16:28 UTC,"€106,93"
Germany,Russia,2017-10-22 00:00:29,2017-10-22 03:11:54 UTC,"€301,68"
Germany,Sweden,2017-10-14 08:55:39,2017-10-14 11:58:04 UTC,"€108,67"
France,Spain,2017-10-25 13:21:36,2017-10-25 16:00:03 UTC,"€330,75"
Italy,Poland,2017-10-20 11:54:53,2017-10-20 14:56:54 UTC,"€143,78"
France,Poland,2017-10-08 23:17:59,2017-10-09 01:28:53 UTC,"€188,14"
France,United Kingdom,2017-10-22 20:30:05,2017-10-23 00:18:46 UTC,"€354,90"
Denmark,Norway,2017-10-21 14:52:41,2017-10-21 16:29:22 UTC,"€114,27"
Germany,Russia,2017-10-16 18:40:48,2017-10-16 20:40:10 UTC,"€282,72"
Netherlands,Norway,2017-10-05 19:29:45,2017-10-05 21:18:01 UTC,"€361,33"
Germany,Portugal,2017-10-06 21:02:38,2017-10-07 01:24:18 UTC,"€203,61"
Italy,Switzerland,2017-10-01 14:28:46,2017-10-01 15:54:41 UTC,"€310,00"
Italy,Switzerland,2017-10-20 04:00:03,2017-10-20 06:29:42 UTC,"€388,32"
Belgium,Spain,2017-10-25 13:31:57,2017-10-25 15:41:39 UTC,"€346,88"
Denmark,Switzerland,2017-10-10 22:02:49,2017-10-11 02:11:35 UTC,"€334,75"
Finland,United Kingdom,2017-10-30 23:15:03,2017-10-31 02:07:00 UTC,"€396,55"
Germany,Sweden,2017-10-02 22:16:44,2017-10-03 01:59:17 UTC,"€207,92"
Netherlands,United Kingdom,2017-10-14 13:30:11,2017-10-14 15:26:25 UTC,"€337,31"
Italy,Russia,2017-10-05 21:00:19,2017-10-05 22:45:23 UTC,"€319,53"
Italy,Russia,2017-10-06 14:48:28,2017-10-06 16:26:29 UTC,"€352,79"
Finland,Portugal,2017-10-19 01:22:57,2017-10-19 05:22:37 UTC,"€318,22"
Germany,Sweden,2017-10-12 09:07:20,2017-10-12 13:17:38 UTC,"€378,93"
Denmark,United Kingdom,2017-10-24 23:20:16,2017-10-25 00:35:38 UTC,"€321,39"
France,United Kingdom,2017-10-01 00:57:16,2017-10-01 05:51:28 UTC,"€237,19"
Denmark,Spain,2017-10-12 16:45:15,2017-10-12 19:48:35 UTC,"€321,01"
France,Sweden,2017-10-09 04:12:42,2017-10-09 07:56:52 UTC,"€350,15"
Luxembourg,Norway,2017-10-22 03:55:15,2017-10-22 07:54:02 UTC,"€184,42"
Finland,Norway,2017-10-03 02:47:29,2017-10-03 06:22:06 UTC,"€318,93"
Germany,United Kingdom,2017-10-11 18:40:06,2017-10-11 23:21:41 UTC,"€389,87"
Luxembourg,Spain,2017-10-09 15:21:26,2017-10-09 17:43:00 UTC,"€101,05"
Italy,Spain,2017-10-22 10:56:01,2017-10-22 15:20:03 UTC,"€309,36"
Denmark,Norway,2017-10-23 03:40:02,2017-10-23 05:43:11 UTC,"€295,42"
Germany,United Kingdom,2017-10-21 07:51:26,2017-10-21 11:19:46 UTC,"€101,14"
France,Sweden,2017-10-25 13:44:01,2017-10-25 16:34:58 UTC,"€154,30"
Germany,Spain,2017-10-06 20:58:06,2017-10-06 22:29:21 UTC,"€144,34"
Netherlands,Switzerland,2017-10-24 17:21:19,2017-10-24 20:54:07 UTC,"€340,19"
France,Switzerland,2017-10-24 18:47:16,2017-10-24 20:34:13 UTC,"€123,41"
Italy,Switzerland,2017-10-20 02:02:59,2017-10-20 05:20:03 UTC,"€177,05"
Luxembourg,Portugal,2017-10-24 00:52:51,2017-10-24 02:54:20 UTC,"€226,68"
Netherlands,Spain,2017-10-11 04:42:58,2017-10-11 08:24:51 UTC,"€264,73"
Luxembourg,Switzerland,2017-10-26 14:15:56,2017-10-26 16:49:06 UTC,"€393,85"
Germany,Russia,2017-10-12 02:09:35,2017-10-12 04:16:12 UTC,"€288,21"
Luxembourg,Norway,2017-10-22 03:10:50,2017-10-22 05:23:43 UTC,"€316,43"
Finland,Poland,2017-10-20 19:22:26,2017-10-20 21:31:52 UTC,"€248,08"
France,Sweden,2017-10-19 13:09:27,2017-10-19 15:41:31 UTC,"€358,05"
France,Spain,2017-10-22 10:26:16,2017-10-22 11:27:29 UTC,"€351,29"
Finland,United Kingdom,2017-10-03 10:24:10,2017-10-03 11:41:14 UTC,"€398,80"
Luxembourg,Norway,2017-10-05 05:37:14,2017-10-05 09:24:59 UTC,"€323,89"
Luxembourg,Norway,2017-10-14 05:42:37,2017-10-14 07:32:13 UTC,"€269,26"
Belgium,Sweden,2017-10-03 12:39:59,2017-10-03 17:34:10 UTC,"€231,08"
Denmark,Norway,2017-10-05 13:10:20,2017-10-05 16:52:38 UTC,"€314,27"
Netherlands,Spain,2017-10-26 18:23:58,2017-10-26 19:27:52 UTC,"€139,37"
Finland,Poland,2017-10-28 15:13:27,2017-10-28 19:31:37 UTC,"€245,76"
Belgium,Spain,2017-10-26 01:57:32,2017-10-26 04:14:59 UTC,"€113,30"
Denmark,Poland,2017-10-05 20:41:20,2017-10-05 22:26:19 UTC,"€160,79"
Germany,Poland,2017-10-19 21:33:42,2017-10-19 22:37:04 UTC,"€381,53"
France,Switzerland,2017-10-07 01:59:35,2017-10-07 05:09:05 UTC,"€263,73"
Germany,Poland,2017-10-26 23:10:21,2017-10-27 03:43:41 UTC,"€102,66"
Finland,Poland,2017-10-29 16:00:30,2017-10-29 18:42:56 UTC,"€367,17"
Belgium,Portugal,2017-10-10 04:57:38,2017-10-10 07:49:52 UTC,"€357,49"
Italy,Portugal,2017-10-30 11:40:24,2017-10-30 14:54:52 UTC,"€123,15"
Luxembourg,United Kingdom,2017-10-29 04:10:09,2017-10-29 07:08:12 UTC,"€317,15"
Netherlands,Russia,2017-10-26 19:16:01,2017-10-26 20:51:22 UTC,"€118,69"
Belgium,United Kingdom,2017-10-30 15:10:42,2017-10-30 17:18:49 UTC,"€249,73"
Finland,Sweden,2017-10-25 02:27:02,2017-10-25 04:28:37 UTC,"€324,77"
Luxembourg,Norway,2017-10-14 19:24:34,2017-10-14 22:05:53 UTC,"€240,20"
Netherlands,Poland,2017-10-23 12:14:05,2017-10-23 16:15:02 UTC,"€300,67"
Italy,United Kingdom,2017-10-02 03:01:02,2017-10-02 04:59:55 UTC,"€335,75"
Netherlands,Sweden,2017-10-02 23:10:37,2017-10-03 00:49:05 UTC,"€147,99"
Denmark,Poland,2017-10-26 16:07:58,2017-10-26 19:44:14 UTC,"€257,18"
Belgium,United Kingdom,2017-10-03 04:27:34,2017-10-03 09:08:08 UTC,"€163,74"
Denmark,Norway,2017-10-28 08:54:53,2017-10-28 12:23:57 UTC,"€166,00"
Finland,Norway,2017-10-15 17:29:24,2017-10-15 21:49:28 UTC,"€218,65"
France,Spain,2017-10-14 16:36:36,2017-10-14 19:20:02 UTC,"€197,91"
France,United Kingdom,2017-10-26 12:01:32,2017-10-26 14:31:58 UTC,"€189,43"
Finland,Switzerland,2017-10-29 23:49:05,2017-10-30 02:04:54 UTC,"€110,85"
Netherlands,Switzerland,2017-10-10 07:47:55,2017-10-10 10:25:27 UTC,"€369,01"
Luxembourg,Norway,2017-10-13 02:15:38,2017-10-13 06:49:39 UTC,"€361,24"
Netherlands,Norway,2017-10-16 03:21:45,2017-10-16 08:01:15 UTC,"€132,30"
Belgium,Portugal,2017-10-11 16:09:33,2017-10-11 18:19:31 UTC,"€273,45"
Germany,Norway,2017-10-25 00:19:28,2017-10-25 04:12:45 UTC,"€120,33"
Belgium,United Kingdom,2017-10-30 23:11:52,2017-10-31 02:02:58 UTC,"€242,25"
Luxembourg,United Kingdom,2017-10-14 02:47:46,2017-10-14 07:41:15 UTC,"€120,65"
Finland,Portugal,2017-10-12 12:44:44,2017-10-12 15:15:54 UTC,"€332,01"
Luxembourg,United Kingdom,2017-10-21 05:38:47,2017-10-21 10:10:36 UTC,"€116,41"
France,Norway,2017-10-14 02:23:20,2017-10-14 05:52:32 UTC,"€387,11"
Denmark,Poland,2017-10-09 16:48:42,2017-10-09 18:01:59 UTC,"€346,22"
Denmark,Russia,2017-10-10 13:08:46,2017-10-10 17:14:57 UTC,"€122,54"
Italy,Sweden,2017-10-15 13:15:01,2017-10-15 14:47:16 UTC,"€344,84"
Italy,Switzerland,2017-10-11 05:39:30,2017-10-11 10:26:17 UTC,"€220,38"
France,Poland,2017-10-01 17:30:27,2017-10-01 22:25:31 UTC,"€254,68"
Italy,Poland,2017-10-08 02:02:15,2017-10-08 05:08:34 UTC,"€103,58"
Denmark,Russia,2017-10-09 16:18:33,2017-10-09 19:46:46 UTC,"€353,14"
Finland,Portugal,2017-10-29 21:09:07,2017-10-29 22:42:15 UTC,"€130,10"
Netherlands,Poland,2017-10-10 22:08:04,2017-10-10 23:37:52 UTC,"€108,55"
Belgium,Norway,2017-10-09 18:12:13,2017-10-09 22:20:40 UTC,"€169,68"
Netherlands,Russia,2017-10-09 22:23:40,2017-10-10 01:51:38 UTC,"€349,91"
Luxembourg,Russia,2017-10-07 21:38:03,2017-10-08 02:23:13 UTC,"€316,14"
France,Norway,2017-10-19 23:25:03,2017-10-20 01:22:18 UTC,"€300,35"
Germany,Russia,2017-10-17 05:20:39,2017-10-17 08:14:42 UTC,"€179,77"
Denmark,Russia,2017-10-06 22:25:52,2017-10-06 23:27:23 UTC,"€292,74"
France,United Kingdom,2017-10-23 15:35:40,2017-10-23 17:02:04 UTC,"€352,61"
Luxembourg,Switzerland,2017-10-23 13:10:48,2017-10-23 15:58:35 UTC,"€297,10"
France,United Kingdom,2017-10-24 07:42:52,2017-10-24 10:09:58 UTC,"€215,20"
Netherlands,Portugal,2017-10-10 18:25:30,2017-10-10 23:18:14 UTC,"€150,35"
Finland,United Kingdom,2017-10-13 15:39:40,2017-10-13 18:46:54 UTC,"€262,25"
France,Spain,2017-10-25 13:22:18,2017-10-25 14:36:34 UTC,"€268,45"
Belgium,Switzerland,2017-10-02 13:28:08,2017-10-02 18:07:26 UTC,"€196,04"
Finland,Spain,2017-10-18 10:39:52,2017-10-18 13:10:01 UTC,"€372,20"
Denmark,Norway,2017-10-19 10:13:40,2017-10-19 12:15:56 UTC,"€123,36"
Finland,United Kingdom,2017-10-18 08:22:41,2017-10-18 12:43:28 UTC,"€282,04"
Luxembourg,Sweden,2017-10-20 09:02:03,2017-10-20 10:06:19 UTC,"€309,45"
Luxembourg,Switzerland,2017-10-21 10:44:31,2017-10-21 14:44:03 UTC,"€150,74"
Denmark,Russia,2017-10-22 21:17:21,2017-10-22 22:56:34 UTC,"€280,40"
Germany,Spain,2017-10-28 12:19:09,2017-10-28 16:54:04 UTC,"€163,60"
Germany,Poland,2017-10-29 07:01:23,2017-10-29 08:54:55 UTC,"€190,47"
Belgium,Norway,2017-10-06 16:15:03,2017-10-06 20:27:06 UTC,"€175,62"
Germany,United Kingdom,2017-10-21 10:59:20,2017-10-21 12:37:53 UTC,"€122,83"
Luxembourg,Portugal,2017-10-20 21:03:24,2017-10-20 22:14:25 UTC,"€164,05"
Denmark,Russia,2017-10-18 05:23:35,2017-10-18 10:12:15 UTC,"€178,13"
Germany,Poland,2017-10-20 21:59:05,2017-10-21 00:12:00 UTC,"€314,35"
Italy,Portugal,2017-10-03 00:23:59,2017-10-03 02:57:54 UTC,"€370,38"
Italy,Russia,2017-10-05 03:27:22,2017-10-05 07:38:58 UTC,"€128,31"
Denmark,Poland,2017-10-30 13:40:34,2017-10-30 16:55:22 UTC,"€166,40"
Finland,United Kingdom,2017-10-26 23:11:07,2017-10-27 01:42:30 UTC,"€146,47"
Belgium,Sweden,2017-10-06 01:17:49,2017-10-06 05:09:51 UTC,"€251,98"
Italy,Norway,2017-10-24 11:59:46,2017-10-24 16:57:41 UTC,"€330,96"
Belgium,Sweden,2017-10-08 21:08:51,2017-10-09 00:10:27 UTC,"€297,35"
Germany,Russia,2017-10-03 08:33:05,2017-10-03 12:51:41 UTC,"€202,60"
Germany,Sweden,2017-10-19 19:34:26,2017-10-19 23:02:07 UTC,"€309,22"
Netherlands,Spain,2017-10-17 21:16:01,2017-10-17 23:44:41 UTC,"€121,62"
France,Spain,2017-10-15 01:21:29,2017-10-15 03:32:12 UTC,"€292,19"
Germany,Switzerland,2017-10-06 09:59:36,2017-10-06 12:31:45 UTC,"€378,10"
Belgium,Switzerland,2017-10-24 22:21:57,2017-10-24 23:33:14 UTC,"€202,15"
Finland,United Kingdom,2017-10-16 08:57:07,2017-10-16 11:21:53 UTC,"€126,26"
Germany,Poland,2017-10-20 00:58:29,2017-10-20 03:31:22 UTC,"€399,18"
Germany,Portugal,2017-10-29 23:54:52,2017-10-30 02:59:33 UTC,"€212,82"
France,Poland,2017-10-01 23:23:20,2017-10-02 04:20:12 UTC,"€386,00"
Netherlands,Norway,2017-10-01 22:49:14,2017-10-02 03:02:25 UTC,"€234,52"
France,Spain,2017-10-08 03:14:00,2017-10-08 07:32:58 UTC,"€256,03"
Finland,Russia,2017-10-24 00:24:57,2017-10-24 03:43:10 UTC,"€389,63"
Denmark,Russia,2017-10-03 09:37:24,2017-10-03 12:22:44 UTC,"€161,10"
Luxembourg,Norway,2017-10-30 20:47:58,2017-10-30 22:04:54 UTC,"€255,37"
Belgium,United Kingdom,2017-10-13 20:00:36,2017-10-13 22:17:38 UTC,"€260,01"
Netherlands,United Kingdom,2017-10-01 00:58:54,2017-10-01 04:57:51 UTC,"€176,43"
Luxembourg,Russia,2017-10-18 14:23:37,2017-10-18 18:16:07 UTC,"€178,63"
Netherlands,Poland,2017-10-25 00:22:20,2017-10-25 03:09:33 UTC,"€250,16"
Denmark,Switzerland,2017-10-25 12:21:20,2017-10-25 15:14:25 UTC,"€297,21"
Finland,Sweden,2017-10-27 08:31:56,2017-10-27 09:59:40 UTC,"€299,65"
Luxembourg,Switzerland,2017-10-10 08:09:09,2017-10-10 10:13:57 UTC,"€294,59"
Italy,United Kingdom,2017-10-24 20:16:02,2017-10-24 21:51:22 UTC,"€158,62"
Belgium,Norway,2017-10-04 03:43:00,2017-10-04 08:42:04 UTC,"€276,80"
Luxembourg,Poland,2017-10-27 20:02:29,2017-10-27 22:10:05 UTC,"€396,33"
Belgium,Switzerland,2017-10-23 12:34:45,2017-10-23 14:00:36 UTC,"€284,98"
Luxembourg,Sweden,2017-10-26 14:25:20,2017-10-26 17:06:07 UTC,"€390,32"
Belgium,Norway,2017-10-12 00:49:18,2017-10-12 02:04:32 UTC,"€166,36"
Finland,Spain,2017-10-30 07:10:51,2017-10-30 11:10:08 UTC,"€231,20"
Italy,Norway,2017-10-15 01:53:26,2017-10-15 05:27:37 UTC,"€220,72"
Denmark,United Kingdom,2017-10-17 01:34:43,2017-10-17 03:35:29 UTC,"€322,90"
Netherlands,Poland,2017-10-16 15:11:38,2017-10-16 18:22:19 UTC,"€374,20"
Germany,Poland,2017-10-11 19:38:08,2017-10-11 22:49:30 UTC,"€268,27"
Germany,Portugal,2017-10-28 03:36:38,2017-10-28 05:01:14 UTC,"€274,54"
Netherlands,United Kingdom,2017-10-25 20:27:01,2017-10-25 22:04:01 UTC,"€339,78"
Finland,Spain,2017-10-14 08:51:47,2017-10-14 12:50:23 UTC,"€275,88"
France,Poland,2017-10-17 14:52:41,2017-10-17 16:11:45 UTC,"€122,61"
Luxembourg,Portugal,2017-10-03 19:43:50,2017-10-03 21:29:54 UTC,"€334,72"
Finland,Russia,2017-10-01 22:46:27,2017-10-02 00:32:39 UTC,"€336,53"
Finland,Poland,2017-10-07 09:02:49,2017-10-07 13:38:53 UTC,"€275,24"
Belgium,Portugal,2017-10-04 05:18:53,2017-10-04 08:30:50 UTC,"€135,87"
France,Norway,2017-10-12 06:10:18,2017-10-12 10:30:21 UTC,"€263,28"
Finland,Poland,2017-10-01 18:00:45,2017-10-01 19:42:34 UTC,"€294,46"
Belgium,Norway,2017-10-06 22:15:35,2017-10-07 00:53:12 UTC,"€260,90"
Luxembourg,Switzerland,2017-10-05 23:58:49,2017-10-06 02:34:36 UTC,"€211,21"
France,Portugal,2017-10-03 20:32:14,2017-10-03 22:15:00 UTC,"€122,63"
Netherlands,Switzerland,2017-10-07 22:51:32,2017-10-08 02:32:27 UTC,"€209,13"
Luxembourg,Portugal,2017-10-28 18:35:40,2017-10-28 22:31:49 UTC,"€238,27"
France,United Kingdom,2017-10-11 06:03:21,2017-10-11 11:00:13 UTC,"€173,91"
Belgium,Spain,2017-10-25 10:23:45,2017-10-25 14:28:06 UTC,"€167,63"
Finland,Spain,2017-10-22 19:52:14,2017-10-22 23:21:04 UTC,"€160,63"
Germany,Switzerland,2017-10-11 19:45:07,2017-10-12 00:17:00 UTC,"€364,37"
Luxembourg,Portugal,2017-10-30 23:34:33,2017-10-31 02:54:22 UTC,"€219,20"
Denmark,Portugal,2017-10-04 16:30:51,2017-10-04 18:22:53 UTC,"€291,14"
Belgium,United Kingdom,2017-10-12 00:46:11,2017-10-12 03:00:48 UTC,"€114,23"
France,Spain,2017-10-03 06:10:40,2017-10-03 09:02:54 UTC,"€258,13"
Belgium,Poland,2017-10-29 04:38:40,2017-10-29 08:13:14 UTC,"€244,20"
Netherlands,Poland,2017-10-19 15:51:28,2017-10-19 19:29:21 UTC,"€351,92"
Italy,Switzerland,2017-10-19 16:30:41,2017-10-19 21:24:30 UTC,"€336,06"
Finland,Sweden,2017-10-06 13:28:25,2017-10-06 16:22:47 UTC,"€218,54"
France,Sweden,2017-10-06 05:24:56,2017-10-06 06:45:39 UTC,"€229,89"
Belgium,Russia,2017-10-30 21:17:01,2017-10-30 22:35:22 UTC,"€222,13"
France,Russia,2017-10-23 12:34:50,2017-10-23 17:19:18 UTC,"€248,55"
Belgium,Spain,2017-10-18 15:31:07,2017-10-18 18:34:34 UTC,"€328,80"
Luxembourg,Switzerland,2017-10-19 16:32:09,2017-10-19 19:11:33 UTC,"€351,70"
France,Portugal,2017-10-17 18:23:00,2017-10-17 19:35:07 UTC,"€236,48"
France,Spain,2017-10-10 18:08:03,2017-10-10 19:23:45 UTC,"€116,08"
Germany,Spain,2017-10-03 00:30:36,2017-10-03 01:34:36 UTC,"€139,95"
Belgium,Sweden,2017-10-11 18:34:22,2017-10-11 20:25:30 UTC,"€184,64"
France,Portugal,2017-10-13 07:17:17,2017-10-13 08:31:49 UTC,"€100,14"
Italy,Russia,2017-10-01 20:19:32,2017-10-01 22:23:07 UTC,"€235,93"
Luxembourg,Sweden,2017-10-20 03:34:48,2017-10-20 04:41:31 UTC,"€136,03"
Italy,Switzerland,2017-10-08 23:40:47,2017-10-09 01:47:29 UTC,"€109,48"
Germany,Poland,2017-10-06 06:32:38,2017-10-06 09:35:28 UTC,"€120,77"
Denmark,Spain,2017-10-17 16:39:33,2017-10-17 18:43:37 UTC,"€396,64"
France,Poland,2017-10-06 07:40:45,2017-10-06 10:05:08 UTC,"€100,18"
Germany,Sweden,2017-10-01 02:46:53,2017-10-01 07:15:42 UTC,"€196,78"
Finland,Portugal,2017-10-26 10:34:54,2017-10-26 13:17:07 UTC,"€331,66"
Luxembourg,Portugal,2017-10-14 11:10:38,2017-10-14 14:20:49 UTC,"€103,69"
Belgium,Poland,2017-10-19 03:24:26,2017-10-19 06:46:18 UTC,"€350,71"
Germany,Sweden,2017-10-16 22:02:16,2017-10-17 02:37:34 UTC,"€320,64"
Italy,Poland,2017-10-21 05:33:46,2017-10-21 10:04:54 UTC,"€185,76"
Germany,Sweden,2017-10-27 20:08:48,2017-10-28 01:02:43 UTC,"€293,37"
Luxembourg,Portugal,2017-10-09 07:42:29,2017-10-09 12:24:52 UTC,"€242,67"
Belgium,Poland,2017-10-21 16:14:03,2017-10-21 18:35:34 UTC,"€199,13"
Belgium,Switzerland,2017-10-04 14:49:41,2017-10-04 17:55:25 UTC,"€365,34"
France,Poland,2017-10-01 09:12:00,2017-10-01 11:09:13 UTC,"€291,34"
Belgium,Sweden,2017-10-11 13:16:00,2017-10-11 15:06:26 UTC,"€354,85"
Denmark,Sweden,2017-10-11 09:53:27,2017-10-11 12:19:11 UTC,"€163,69"
Germany,Poland,2017-10-20 04:41:48,2017-10-20 08:10:35 UTC,"€359,64"
Italy,Spain,2017-10-23 17:10:35,2017-10-23 22:05:11 UTC,"€154,09"
Germany,Sweden,2017-10-28 16:42:27,2017-10-28 18:52:20 UTC,"€273,91"
Belgium,Portugal,2017-10-16 11:27:39,2017-10-16 15:45:31 UTC,"€248,20"
Belgium,Spain,2017-10-23 21:07:23,2017-10-23 22:50:26 UTC,"€272,39"
Netherlands,United Kingdom,2017-10-12 16:28:42,2017-10-12 20:47:48 UTC,"€269,42"
Germany,Sweden,2017-10-27 20:01:37,2017-10-27 22:34:51 UTC,"€216,75"
France,Poland,2017-10-05 21:54:57,2017-10-06 01:38:52 UTC,"€294,91"
Finland,Norway,2017-10-26 17:14:10,2017-10-26 19:03:20 UTC,"€182,00"
Belgium,Portugal,2017-10-02 12:15:42,2017-10-02 15:29:24 UTC,"€104,88"
Netherlands,Russia,2017-10-26 16:49:14,2017-10-26 20:44:37 UTC,"€190,20"
Luxembourg,Russia,2017-10-08 02:37:04,2017-10-08 04:33:43 UTC,"€149,99"
Italy,Poland,2017-10-25 03:28:11,2017-10-25 07:07:20 UTC,"€359,91"
Denmark,Poland,2017-10-11 11:18:19,2017-10-11 12:40:38 UTC,"€383,69"
Belgium,Spain,2017-10-09 19:51:47,2017-10-09 23:28:46 UTC,"€177,01"
Finland,United Kingdom,2017-10-01 10:54:56,2017-10-01 15:21:06 UTC,"€136,67"
Italy,Portugal,2017-10-04 19:05:04,2017-10-04 22:08:48 UTC,"€393,29"
Finland,Sweden,2017-10-30 21:56:22,2017-10-30 23:42:32 UTC,"€113,13"
Netherlands,Poland,2017-10-08 16:44:05,2017-10-08 20:25:07 UTC,"€181,50"
Belgium,Poland,2017-10-29 13:23:09,2017-10-29 17:28:16 UTC,"€129,27"
Germany,Norway,2017-10-09 23:17:13,2017-10-10 00:28:35 UTC,"€116,62"
Italy,Norway,2017-10-13 14:32:51,2017-10-13 18:43:17 UTC,"€368,06"
Germany,Russia,2017-10-14 22:50:07,2017-10-15 00:27:57 UTC,"€134,72"
Luxembourg,Norway,2017-10-24 18:18:00,2017-10-24 21:21:24 UTC,"€317,15"
Netherlands,United Kingdom,2017-10-05 23:51:19,2017-10-06 01:48:35 UTC,"€257,59"
Netherlands,Norway,2017-10-03 06:46:31,2017-10-03 07:50:57 UTC,"€119,26"
Germany,Portugal,2017-10-17 11:06:33,2017-10-17 14:40:07 UTC,"€251,69"
Finland,United Kingdom,2017-10-19 11:57:59,2017-10-19 14:42:05 UTC,"€379,14"
Luxembourg,Russia,2017-10-23 14:56:14,2017-10-23 19:29:06 UTC,"€117,42"
Belgium,United Kingdom,2017-10-22 10:09:50,2017-10-22 11:10:21 UTC,"€261,37"
Luxembourg,Switzerland,2017-10-29 22:47:58,2017-10-30 02:18:51 UTC,"€213,71"
Netherlands,Russia,2017-10-14 09:11:15,2017-10-14 13:28:45 UTC,"€188,59"
Denmark,Switzerland,2017-10-15 05:14:26,2017-10-15 06:46:34 UTC,"€343,50"
Finland,Switzerland,2017-10-11 14:26:16,2017-10-11 16:33:27 UTC,"€233,61"
Luxembourg,United Kingdom,2017-10-12 02:08:11,2017-10-12 03:14:05 UTC,"€292,58"
Belgium,Poland,2017-10-23 05:04:24,2017-10-23 06:53:43 UTC,"€299,39"
Belgium,Poland,2017-10-22 09:59:18,2017-10-22 11:08:09 UTC,"€228,14"
Netherlands,Switzerland,2017-10-02 12:52:21,2017-10-02 14:45:46 UTC,"€330,35"
Netherlands,Norway,2017-10-10 21:48:16,2017-10-11 01:48:49 UTC,"€193,71"
France,Poland,2017-10-01 19:30:10,2017-10-01 23:54:04 UTC,"€133,44"
France,Sweden,2017-10-08 08:30:01,2017-10-08 11:59:02 UTC,"€107,69"
Belgium,Norway,2017-10-01 22:55:17,2017-10-02 03:07:39 UTC,"€323,81"
Finland,Russia,2017-10-01 23:41:01,2017-10-02 04:32:30 UTC,"€291,73"
Germany,Russia,2017-10-22 03:42:16,2017-10-22 04:47:45 UTC,"€211,95"
Finland,Poland,2017-10-07 11:24:27,2017-10-07 16:22:49 UTC,"€102,40"
Belgium,Russia,2017-10-24 10:02:10,2017-10-24 14:34:52 UTC,"€135,93"
Belgium,Russia,2017-10-16 10:37:21,2017-10-16 13:22:37 UTC,"€206,37"
Belgium,Switzerland,2017-10-27 01:07:55,2017-10-27 06:01:39 UTC,"€296,96"
Italy,Russia,2017-10-06 20:01:29,2017-10-06 23:13:14 UTC,"€135,77"
Denmark,Sweden,2017-10-30 18:28:02,2017-10-30 22:21:03 UTC,"€287,33"
Belgium,Russia,2017-10-06 23:26:29,2017-10-07 03:31:08 UTC,"€228,06"
Finland,Poland,2017-10-13 05:20:35,2017-10-13 07:29:44 UTC,"€304,56"
Luxembourg,United Kingdom,2017-10-10 19:56:32,2017-10-10 22:04:12 UTC,"€255,32"
Belgium,Portugal,2017-10-30 02:41:14,2017-10-30 07:25:50 UTC,"€252,87"
Netherlands,Russia,2017-10-25 04:24:28,2017-10-25 09:13:05 UTC,"€257,69"
Belgium,Norway,2017-10-26 14:10:49,2017-10-26 17:35:50 UTC,"€166,36"
Netherlands,Sweden,2017-10-03 02:02:12,2017-10-03 04:19:44 UTC,"€370,31"
Luxembourg,Poland,2017-10-10 02:57:02,2017-10-10 07:45:25 UTC,"€323,96"
Luxembourg,Switzerland,2017-10-06 14:39:52,2017-10-06 16:24:46 UTC,"€240,91"
Belgium,Sweden,2017-10-22 11:44:15,2017-10-22 14:43:59 UTC,"€100,50"
Netherlands,Sweden,2017-10-17 10:18:11,2017-10-17 13:48:58 UTC,"€187,42"
Luxembourg,Portugal,2017-10-11 09:17:52,2017-10-11 10:53:52 UTC,"€353,93"
France,Poland,2017-10-05 22:30:25,2017-10-06 02:44:04 UTC,"€286,39"
France,Sweden,2017-10-11 17:30:02,2017-10-11 20:07:37 UTC,"€170,04"
Denmark,Spain,2017-10-09 18:22:38,2017-10-09 20:20:21 UTC,"€238,52"
Italy,Poland,2017-10-18 18:08:08,2017-10-18 22:41:41 UTC,"€396,85"
Belgium,Russia,2017-10-28 04:15:56,2017-10-28 06:13:04 UTC,"€283,18"
Finland,Russia,2017-10-28 06:22:03,2017-10-28 08:46:43 UTC,"€238,90"
Italy,Switzerland,2017-10-26 02:53:10,2017-10-26 04:09:44 UTC,"€305,01"
Germany,United Kingdom,2017-10-21 11:13:54,2017-10-21 14:10:02 UTC,"€186,40"
Denmark,United Kingdom,2017-10-29 06:16:57,2017-10-29 09:15:17 UTC,"€219,22"
Italy,Switzerland,2017-10-25 05:00:51,2017-10-25 07:45:38 UTC,"€185,88"
Finland,Switzerland,2017-10-24 10:32:37,2017-10-24 11:43:51 UTC,"€381,86"
Luxembourg,Poland,2017-10-07 22:54:26,2017-10-08 01:13:48 UTC,"€347,31"
Netherlands,Portugal,2017-10-19 10:00:43,2017-10-19 11:10:05 UTC,"€195,73"
Denmark,Russia,2017-10-17 09:25:05,2017-10-17 12:29:10 UTC,"€309,46"
Finland,Sweden,2017-10-30 07:06:11,2017-10-30 11:36:55 UTC,"€327,43"
Denmark,United Kingdom,2017-10-12 02:58:22,2017-10-12 07:16:49 UTC,"€291,18"
Denmark,Russia,2017-10-05 14:25:03,2017-10-05 16:08:13 UTC,"€101,18"
Finland,Russia,2017-10-20 15:07:55,2017-10-20 19:13:19 UTC,"€382,98"
Luxembourg,Portugal,2017-10-05 08:15:52,2017-10-05 11:22:20 UTC,"€276,40"
France,Russia,2017-10-14 11:46:05,2017-10-14 15:34:21 UTC,"€253,54"
Netherlands,United Kingdom,2017-10-29 23:50:55,2017-10-30 01:36:35 UTC,"€211,43"
Luxembourg,Switzerland,2017-10-19 04:50:56,2017-10-19 06:26:50 UTC,"€270,06"
Luxembourg,Norway,2017-10-11 17:12:30,2017-10-11 21:04:25 UTC,"€261,57"
Finland,Switzerland,2017-10-11 11:34:17,2017-10-11 15:12:31 UTC,"€365,64"
France,Spain,2017-10-02 14:02:20,2017-10-02 16:11:37 UTC,"€112,99"
Denmark,Russia,2017-10-16 21:48:11,2017-10-16 23:48:50 UTC,"€327,46"
Finland,Poland,2017-10-29 15:15:07,2017-10-29 16:43:44 UTC,"€353,47"
Belgium,Switzerland,2017-10-25 01:30:22,2017-10-25 06:23:24 UTC,"€343,32"
Belgium,Spain,2017-10-26 14:43:26,2017-10-26 15:45:44 UTC,"€160,66"
France,Sweden,2017-10-17 02:17:19,2017-10-17 06:36:30 UTC,"€339,54"
Germany,Switzerland,2017-10-17 22:48:55,2017-10-18 03:15:36 UTC,"€267,03"
Germany,Portugal,2017-10-02 13:14:14,2017-10-02 15:21:31 UTC,"€178,80"
Netherlands,Portugal,2017-10-10 11:24:32,2017-10-10 12:59:22 UTC,"€142,83"
France,United Kingdom,2017-10-30 08:28:52,2017-10-30 10:26:32 UTC,"€237,72"
Germany,Sweden,2017-10-01 03:01:36,2017-10-01 07:36:08 UTC,"€260,79"
Italy,Norway,2017-10-19 21:16:44,2017-10-19 23:39:52 UTC,"€363,45"
Italy,Spain,2017-10-24 18:29:09,2017-10-24 20:30:55 UTC,"€231,21"
Italy,Poland,2017-10-12 17:18:20,2017-10-12 20:29:56 UTC,"€262,96"
Netherlands,Switzerland,2017-10-22 10:28:39,2017-10-22 13:13:19 UTC,"€317,27"
Netherlands,Norway,2017-10-21 21:15:38,2017-10-22 00:14:02 UTC,"€266,10"
Netherlands,Spain,2017-10-21 11:39:50,2017-10-21 16:33:56 UTC,"€353,65"
Netherlands,Russia,2017-10-15 23:23:05,2017-10-16 00:38:04 UTC,"€185,28"
France,Russia,2017-10-20 12:26:34,2017-10-20 13:30:58 UTC,"€173,26"
Denmark,Sweden,2017-10-29 13:57:11,2017-10-29 16:19:25 UTC,"€198,47"
Germany,Portugal,2017-10-21 07:05:27,2017-10-21 09:00:32 UTC,"€374,57"
Belgium,Sweden,2017-10-29 07:58:24,2017-10-29 10:05:22 UTC,"€121,18"
Finland,Sweden,2017-10-20 04:54:37,2017-10-20 07:35:38 UTC,"€365,42"
Luxembourg,Portugal,2017-10-25 10:05:00,2017-10-25 12:24:56 UTC,"€354,72"
Finland,Norway,2017-10-03 00:08:30,2017-10-03 01:53:53 UTC,"€332,60"
Belgium,Sweden,2017-10-27 19:32:24,2017-10-27 23:17:07 UTC,"€194,37"
Finland,Spain,2017-10-23 18:49:34,2017-10-23 23:43:57 UTC,"€103,00"
Netherlands,Spain,2017-10-10 05:24:26,2017-10-10 06:43:42 UTC,"€169,92"
Luxembourg,Sweden,2017-10-10 10:59:24,2017-10-10 15:32:05 UTC,"€292,46"
Denmark,Switzerland,2017-10-15 11:24:58,2017-10-15 13:19:01 UTC,"€315,88"
Italy,Portugal,2017-10-20 07:16:33,2017-10-20 10:18:24 UTC,"€300,21"
Italy,Sweden,2017-10-30 11:04:11,2017-10-30 14:50:17 UTC,"€184,40"
Italy,Switzerland,2017-10-10 12:53:42,2017-10-10 14:26:04 UTC,"€197,37"
Netherlands,Sweden,2017-10-09 04:41:06,2017-10-09 05:51:36 UTC,"€161,00"
Luxembourg,Russia,2017-10-19 22:24:36,2017-10-20 02:01:00 UTC,"€211,26"
Germany,Sweden,2017-10-25 07:24:38,2017-10-25 09:27:54 UTC,"€371,51"
Belgium,Switzerland,2017-10-15 01:22:12,2017-10-15 03:20:46 UTC,"€112,08"
Denmark,Norway,2017-10-01 13:45:17,2017-10-01 15:13:51 UTC,"€215,88"
Denmark,Norway,2017-10-29 06:36:48,2017-10-29 10:40:12 UTC,"€187,34"
Italy,United Kingdom,2017-10-15 05:15:43,2017-10-15 08:03:24 UTC,"€395,28"
France,Sweden,2017-10-24 20:56:15,2017-10-25 01:44:26 UTC,"€216,98"
Italy,Portugal,2017-10-09 15:06:09,2017-10-09 17:16:54 UTC,"€394,50"
Netherlands,Poland,2017-10-05 22:07:32,2017-10-06 01:17:27 UTC,"€349,44"
Belgium,Portugal,2017-10-23 16:02:06,2017-10-23 20:37:56 UTC,"€254,65"
Germany,United Kingdom,2017-10-19 18:54:08,2017-10-19 22:47:51 UTC,"€367,70"
Finland,Switzerland,2017-10-17 05:00:39,2017-10-17 09:29:49 UTC,"€393,51"
France,Switzerland,2017-10-26 14:28:49,2017-10-26 18:31:43 UTC,"€218,79"
Finland,Switzerland,2017-10-20 18:26:33,2017-10-20 21:37:46 UTC,"€234,57"
France,Switzerland,2017-10-23 20:17:15,2017-10-24 00:21:00 UTC,"€242,25"
Italy,Norway,2017-10-13 13:52:05,2017-10-13 15:12:52 UTC,"€387,06"
Italy,Sweden,2017-10-01 23:40:38,2017-10-02 02:04:34 UTC,"€301,95"
France,United Kingdom,2017-10-10 22:23:21,2017-10-11 00:42:02 UTC,"€395,26"
France,Norway,2017-10-07 10:50:39,2017-10-07 13:57:33 UTC,"€306,78"
Germany,Poland,2017-10-15 23:34:24,2017-10-16 01:04:32 UTC,"€366,89"
Denmark,Russia,2017-10-16 05:19:28,2017-10-16 08:58:13 UTC,"€173,90"
Netherlands,United Kingdom,2017-10-28 00:32:32,2017-10-28 03:17:59 UTC,"€206,21"
Germany,Spain,2017-10-21 00:06:40,2017-10-21 02:15:35 UTC,"€172,92"
Denmark,Norway,2017-10-03 03:04:54,2017-10-03 04:17:17 UTC,"€363,08"
Italy,United Kingdom,2017-10-19 15:39:54,2017-10-19 17:07:24 UTC,"€191,85"
Italy,Sweden,2017-10-17 01:24:21,2017-10-17 06:08:58 UTC,"€232,17"
Luxembourg,Portugal,2017-10-14 01:21:40,2017-10-14 03:04:57 UTC,"€157,76"
France,Russia,2017-10-16 16:20:03,2017-10-16 19:18:14 UTC,"€244,63"
Belgium,United Kingdom,2017-10-22 10:51:52,2017-10-22 14:05:09 UTC,"€176,91"
Belgium,Spain,2017-10-22 19:26:04,2017-10-22 20:54:29 UTC,"€193,26"
Denmark,Poland,2017-10-12 16:11:24,2017-10-12 17:16:13 UTC,"€265,94"
Germany,Norway,2017-10-30 14:22:47,2017-10-30 19:06:50 UTC,"€368,58"
Germany,Spain,2017-10-18 15:04:35,2017-10-18 16:22:52 UTC,"€293,66"
Italy,Sweden,2017-10-24 23:54:41,2017-10-25 01:01:51 UTC,"€142,15"
Italy,United Kingdom,2017-10-17 13:39:45,2017-10-17 17:59:57 UTC,"€117,23"
Luxembourg,Poland,2017-10-22 19:20:11,2017-10-22 20:26:25 UTC,"€129,87"
Luxembourg,Norway,2017-10-25 15:37:27,2017-10-25 17:40:03 UTC,"€250,67"
Italy,Poland,2017-10-12 13:26:15,2017-10-12 15:20:17 UTC,"€360,50"
Finland,Poland,2017-10-15 15:08:18,2017-10-15 20:05:03 UTC,"€338,59"
Belgium,Portugal,2017-10-10 20:32:08,2017-10-10 22:08:52 UTC,"€326,72"
Netherlands,Norway,2017-10-14 21:35:52,2017-10-14 22:46:40 UTC,"€356,28"
Germany,Norway,2017-10-11 13:38:51,2017-10-11 15:22:10 UTC,"€227,12"
Finland,Switzerland,2017-10-15 10:22:30,2017-10-15 15:18:12 UTC,"€261,91"
Germany,Norway,2017-10-04 09:37:01,2017-10-04 14:11:32 UTC,"€228,19"
Belgium,Switzerland,2017-10-09 07:33:26,2017-10-09 09:16:39 UTC,"€246,15"
France,Russia,2017-10-03 16:40:46,2017-10-03 18:37:44 UTC,"€132,92"
Denmark,United Kingdom,2017-10-18 21:24:28,2017-10-19 00:41:11 UTC,"€174,09"
France,Sweden,2017-10-09 15:47:59,2017-10-09 17:42:41 UTC,"€304,14"
Finland,Spain,2017-10-25 05:54:12,2017-10-25 10:36:43 UTC,"€113,71"
France,Portugal,2017-10-01 13:50:25,2017-10-01 17:57:10 UTC,"€191,53"
Luxembourg,Poland,2017-10-04 10:58:40,2017-10-04 12:11:09 UTC,"€260,72"
Germany,Russia,2017-10-12 11:27:18,2017-10-12 12:48:01 UTC,"€160,21"
Denmark,United Kingdom,2017-10-14 04:05:57,2017-10-14 05:58:37 UTC,"€228,14"
France,United Kingdom,2017-10-13 12:29:08,2017-10-13 14:19:09 UTC,"€227,38"
Netherlands,Sweden,2017-10-30 10:47:41,2017-10-30 12:04:12 UTC,"€202,95"
France,Russia,2017-10-19 16:41:29,2017-10-19 18:03:55 UTC,"€196,78"
Italy,Norway,2017-10-15 16:03:34,2017-10-15 20:06:10 UTC,"€247,42"
Denmark,Poland,2017-10-25 01:33:58,2017-10-25 04:19:31 UTC,"€278,08"
Denmark,Norway,2017-10-14 04:22:25,2017-10-14 08:15:03 UTC,"€271,48"
Germany,United Kingdom,2017-10-19 09:30:47,2017-10-19 11:32:40 UTC,"€391,98"
Netherlands,Russia,2017-10-10 09:18:11,2017-10-10 10:30:52 UTC,"€278,60"
Italy,Portugal,2017-10-26 07:29:16,2017-10-26 10:31:28 UTC,"€124,62"
Germany,Russia,2017-10-01 21:27:26,2017-10-02 00:37:37 UTC,"€181,77"
France,Sweden,2017-10-20 12:30:45,2017-10-20 13:55:16 UTC,"€354,83"
Germany,Poland,2017-10-03 02:16:47,2017-10-03 03:18:38 UTC,"€319,59"
Finland,Norway,2017-10-15 22:54:02,2017-10-16 02:17:32 UTC,"€383,16"
Germany,Russia,2017-10-14 12:46:56,2017-10-14 14:58:26 UTC,"€246,46"
Finland,Sweden,2017-10-30 08:06:23,2017-10-30 09:26:13 UTC,"€327,09"
Netherlands,United Kingdom,2017-10-03 04:57:30,2017-10-03 08:46:27 UTC,"€154,90"
Italy,Spain,2017-10-08 21:33:21,2017-10-09 01:14:39 UTC,"€395,67"
Finland,Spain,2017-10-26 09:22:32,2017-10-26 12:51:52 UTC,"€123,59"
Luxembourg,Sweden,2017-10-26 05:41:44,2017-10-26 09:51:40 UTC,"€212,51"
Italy,Russia,2017-10-13 02:45:03,2017-10-13 06:50:29 UTC,"€354,62"
Netherlands,Switzerland,2017-10-01 07:12:39,2017-10-01 09:14:33 UTC,"€290,84"
Belgium,United Kingdom,2017-10-16 11:35:40,2017-10-16 15:36:49 UTC,"€196,65"
Netherlands,Spain,2017-10-27 19:30:57,2017-10-27 20:43:29 UTC,"€261,24"
Finland,Poland,2017-10-15 02:48:13,2017-10-15 06:43:05 UTC,"€326,76"
Luxembourg,United Kingdom,2017-10-16 02:29:34,2017-10-16 04:09:14 UTC,"€185,82"
Finland,Norway,2017-10-13 18:01:53,2017-10-13 20:58:22 UTC,"€135,99"
Belgium,United Kingdom,2017-10-21 07:21:26,2017-10-21 08:51:28 UTC,"€175,12"
France,Spain,2017-10-14 04:19:27,2017-10-14 06:26:13 UTC,"€287,17"
Luxembourg,Poland,2017-10-19 10:35:29,2017-10-19 11:50:24 UTC,"€181,92"
Belgium,Spain,2017-10-23 12:56:25,2017-10-23 14:39:59 UTC,"€180,80"
Luxembourg,Poland,2017-10-20 17:13:31,2017-10-20 18:38:11 UTC,"€337,82"
Luxembourg,Spain,2017-10-04 04:31:45,2017-10-04 08:03:43 UTC,"€158,49"
Finland,Russia,2017-10-24 19:10:34,2017-10-24 23:33:37 UTC,"€142,94"
Finland,Spain,2017-10-16 19:10:08,2017-10-16 22:20:58 UTC,"€158,20"
France,Sweden,2017-10-06 20:33:28,2017-10-06 23:36:47 UTC,"€345,95"
France,Spain,2017-10-17 14:51:52,2017-10-17 18:40:01 UTC,"€133,36"
Luxembourg,Norway,2017-10-17 04:18:07,2017-10-17 08:26:27 UTC,"€388,07"
Netherlands,Switzerland,2017-10-06 23:57:43,2017-10-07 02:22:27 UTC,"€283,57"
France,Poland,2017-10-23 23:46:15,2017-10-24 03:10:16 UTC,"€339,64"
Luxembourg,Poland,2017-10-22 14:57:28,2017-10-22 16:31:06 UTC,"€211,01"
Denmark,Portugal,2017-10-11 06:58:00,2017-10-11 10:07:41 UTC,"€121,00"
Denmark,United Kingdom,2017-10-09 11:01:15,2017-10-09 15:21:15 UTC,"€340,00"
Belgium,Sweden,2017-10-09 06:00:13,2017-10-09 08:38:56 UTC,"€376,67"
Italy,Spain,2017-10-15 20:28:40,2017-10-15 21:37:48 UTC,"€187,73"
Denmark,Spain,2017-10-15 20:42:59,2017-10-16 00:47:48 UTC,"€295,35"
Netherlands,Sweden,2017-10-15 14:42:39,2017-10-15 18:20:12 UTC,"€179,22"
Finland,Spain,2017-10-06 16:14:30,2017-10-06 18:56:26 UTC,"€317,74"
Luxembourg,Russia,2017-10-08 08:52:22,2017-10-08 11:54:33 UTC,"€287,81"
Denmark,United Kingdom,2017-10-08 18:08:24,2017-10-08 21:12:03 UTC,"€282,56"
Denmark,Sweden,2017-10-29 12:48:02,2017-10-29 15:36:48 UTC,"€318,63"
Germany,Norway,2017-10-30 20:50:04,2017-10-31 00:49:11 UTC,"€358,01"
France,Portugal,2017-10-14 14:31:06,2017-10-14 18:28:01 UTC,"€330,45"
Netherlands,Spain,2017-10-28 10:06:47,2017-10-28 13:41:59 UTC,"€135,48"
Denmark,Russia,2017-10-13 22:23:53,2017-10-13 23:49:59 UTC,"€247,16"
Netherlands,Norway,2017-10-10 20:52:12,2017-10-11 00:46:47 UTC,"€384,70"
Italy,Russia,2017-10-11 23:26:14,2017-10-12 02:09:38 UTC,"€123,46"
Germany,United Kingdom,2017-10-22 01:43:27,2017-10-22 04:37:57 UTC,"€365,02"
Netherlands,Norway,2017-10-21 16:45:53,2017-10-21 18:51:22 UTC,"€203,42"
Germany,Sweden,2017-10-23 05:17:24,2017-10-23 08:09:11 UTC,"€124,83"
Finland,Russia,2017-10-08 23:46:09,2017-10-09 01:17:01 UTC,"€387,42"
Finland,Switzerland,2017-10-29 10:39:14,2017-10-29 14:35:19 UTC,"€161,93"
Luxembourg,Portugal,2017-10-09 16:43:51,2017-10-09 18:14:49 UTC,"€101,38"
Germany,Poland,2017-10-04 14:21:46,2017-10-04 17:35:45 UTC,"€164,20"
Italy,Portugal,2017-10-29 00:08:09,2017-10-29 02:56:52 UTC,"€375,56"
Finland,Sweden,2017-10-13 13:30:34,2017-10-13 15:51:02 UTC,"€181,73"
Italy,Switzerland,2017-10-08 01:21:13,2017-10-08 05:21:11 UTC,"€222,51"
Netherlands,Portugal,2017-10-10 01:08:50,2017-10-10 04:20:17 UTC,"€185,22"
Germany,Switzerland,2017-10-09 20:12:22,2017-10-09 21:14:54 UTC,"€295,18"
Italy,Sweden,2017-10-10 10:43:40,2017-10-10 11:56:11 UTC,"€216,40"
Luxembourg,Portugal,2017-10-14 06:30:13,2017-10-14 08:01:41 UTC,"€353,52"
Italy,Portugal,2017-10-15 18:49:02,2017-10-15 21:17:00 UTC,"€364,51"
Netherlands,Switzerland,2017-10-22 10:51:26,2017-10-22 14:18:36 UTC,"€285,40"
Luxembourg,Spain,2017-10-17 08:21:31,2017-10-17 12:07:48 UTC,"€285,31"
France,United Kingdom,2017-10-30 07:54:05,2017-10-30 10:58:31 UTC,"€305,40"
Italy,United Kingdom,2017-10-30 12:52:07,2017-10-30 16:03:32 UTC,"€366,85"
Luxembourg,Poland,2017-10-06 13:59:22,2017-10-06 17:11:01 UTC,"€349,75"
Finland,United Kingdom,2017-10-18 05:51:07,2017-10-18 08:19:52 UTC,"€133,40"
Denmark,Portugal,2017-10-08 06:44:34,2017-10-08 11:43:21 UTC,"€397,99"
Luxembourg,United Kingdom,2017-10-23 08:16:03,2017-10-23 11:03:32 UTC,"€105,25"
Denmark,United Kingdom,2017-10-25 11:50:38,2017-10-25 16:21:30 UTC,"€205,29"
Germany,Poland,2017-10-13 06:42:33,2017-10-13 11:11:49 UTC,"€116,17"
Netherlands,Norway,2017-10-27 07:35:28,2017-10-27 11:47:56 UTC,"€176,67"
Netherlands,Switzerland,2017-10-07 10:44:54,2017-10-07 13:32:41 UTC,"€373,47"
Netherlands,Switzerland,2017-10-02 00:13:43,2017-10-02 01:53:37 UTC,"€398,66"
Finland,Portugal,2017-10-28 18:29:31,2017-10-28 20:21:40 UTC,"€341,23"
Luxembourg,Sweden,2017-10-09 23:35:44,2017-10-10 03:36:26 UTC,"€313,91"
Luxembourg,Sweden,2017-10-08 23:01:45,2017-10-09 03:49:26 UTC,"€312,34"
Germany,Switzerland,2017-10-05 18:28:05,2017-10-05 20:15:55 UTC,"€100,96"
Finland,Sweden,2017-10-20 19:36:45,2017-10-20 21:35:17 UTC,"€196,66"
Finland,Switzerland,2017-10-18 20:56:25,2017-10-18 23:10:57 UTC,"€194,46"
Germany,Russia,2017-10-15 09:47:58,2017-10-15 12:52:45 UTC,"€157,34"
Finland,Switzerland,2017-10-16 19:02:03,2017-10-16 21:09:27 UTC,"€396,75"
Denmark,Poland,2017-10-22 11:00:27,2017-10-22 14:10:15 UTC,"€205,27"
Belgium,Portugal,2017-10-22 09:02:22,2017-10-22 11:34:47 UTC,"€248,13"
Finland,Portugal,2017-10-21 06:27:02,2017-10-21 08:53:45 UTC,"€143,51"
Luxembourg,Poland,2017-10-27 18:19:42,2017-10-27 22:09:50 UTC,"€172,11"
France,Norway,2017-10-17 14:44:25,2017-10-17 18:13:52 UTC,"€396,74"
Netherlands,United Kingdom,2017-10-30 00:32:26,2017-10-30 03:58:28 UTC,"€255,00"
Netherlands,Sweden,2017-10-14 20:32:01,2017-10-14 22:10:29 UTC,"€246,95"
Netherlands,Sweden,2017-10-02 08:53:48,2017-10-02 11:44:51 UTC,"€123,51"
Belgium,United Kingdom,2017-10-24 03:11:35,2017-10-24 07:32:04 UTC,"€337,91"
Luxembourg,United Kingdom,2017-10-08 15:06:36,2017-10-08 18:07:52 UTC,"€283,02"
Finland,Norway,2017-10-19 12:27:05,2017-10-19 15:59:28 UTC,"€374,51"
Luxembourg,Russia,2017-10-26 01:38:25,2017-10-26 05:36:27 UTC,"€377,88"
Italy,Portugal,2017-10-14 10:06:09,2017-10-14 13:54:45 UTC,"€110,61"
Germany,United Kingdom,2017-10-06 03:17:51,2017-10-06 06:29:35 UTC,"€367,48"
Denmark,Poland,2017-10-17 14:20:22,2017-10-17 17:47:14 UTC,"€362,78"
Denmark,United Kingdom,2017-10-07 23:47:42,2017-10-08 04:44:09 UTC,"€383,13"
Luxembourg,United Kingdom,2017-10-12 17:17:31,2017-10-12 20:57:12 UTC,"€237,90"
Belgium,Switzerland,2017-10-19 09:59:12,2017-10-19 12:47:55 UTC,"€224,85"
Italy,Switzerland,2017-10-21 08:10:02,2017-10-21 09:38:04 UTC,"€283,99"
Belgium,United Kingdom,2017-10-17 00:13:37,2017-10-17 04:11:03 UTC,"€284,09"
Germany,Switzerland,2017-10-04 13:37:29,2017-10-04 16:47:55 UTC,"€174,55"
Germany,Russia,2017-10-13 21:37:23,2017-10-14 02:15:17 UTC,"€152,58"
Germany,Norway,2017-10-23 07:25:32,2017-10-23 08:27:34 UTC,"€386,54"
Luxembourg,Switzerland,2017-10-24 15:11:34,2017-10-24 19:18:02 UTC,"€142,97"
Finland,United Kingdom,2017-10-18 19:28:15,2017-10-18 20:44:14 UTC,"€299,32"
Belgium,United Kingdom,2017-10-02 15:27:38,2017-10-02 19:36:48 UTC,"€294,20"
Italy,Poland,2017-10-02 15:41:35,2017-10-02 19:22:30 UTC,"€265,75"
France,Switzerland,2017-10-16 21:30:58,2017-10-17 00:33:36 UTC,"€106,29"
Belgium,Poland,2017-10-10 12:49:47,2017-10-10 17:40:40 UTC,"€116,95"
Germany,Sweden,2017-10-12 14:37:49,2017-10-12 18:41:18 UTC,"€290,15"
Finland,Poland,2017-10-25 03:44:14,2017-10-25 08:00:47 UTC,"€164,06"
Belgium,Spain,2017-10-19 11:43:16,2017-10-19 16:10:35 UTC,"€311,33"
Denmark,Spain,2017-10-10 19:37:03,2017-10-10 21:08:17 UTC,"€258,45"
Italy,Poland,2017-10-06 15:11:19,2017-10-06 18:51:25 UTC,"€373,01"
Italy,Poland,2017-10-05 20:11:56,2017-10-06 01:10:39 UTC,"€365,27"
Finland,Spain,2017-10-09 20:04:59,2017-10-09 23:46:08 UTC,"€120,89"
France,Poland,2017-10-03 02:03:46,2017-10-03 05:25:27 UTC,"€349,26"
Belgium,Sweden,2017-10-07 13:37:24,2017-10-07 16:50:56 UTC,"€234,96"
Italy,Poland,2017-10-09 15:22:38,2017-10-09 17:56:46 UTC,"€241,94"
France,United Kingdom,2017-10-23 23:30:41,2017-10-24 02:51:03 UTC,"€284,62"
Germany,Portugal,2017-10-29 08:35:42,2017-10-29 11:35:25 UTC,"€344,86"
Luxembourg,Portugal,2017-10-01 00:20:21,2017-10-01 02:59:46 UTC,"€390,39"
Belgium,Russia,2017-10-27 21:21:04,2017-10-27 23:41:09 UTC,"€165,05"
Finland,Sweden,2017-10-28 02:37:17,2017-10-28 07:13:45 UTC,"€194,97"
Germany,Switzerland,2017-10-18 08:17:42,2017-10-18 09:36:16 UTC,"€264,41"
Belgium,Portugal,2017-10-22 20:04:43,2017-10-23 00:30:25 UTC,"€355,89"
Belgium,United Kingdom,2017-10-15 18:28:59,2017-10-15 19:52:49 UTC,"€112,96"
Netherlands,Poland,2017-10-27 07:33:23,2017-10-27 12:08:52 UTC,"€361,72"
Luxembourg,Poland,2017-10-26 04:20:34,2017-10-26 07:05:36 UTC,"€174,33"
Denmark,Sweden,2017-10-24 01:11:19,2017-10-24 03:35:07 UTC,"€181,91"
